"{'CID': 288, 'InChIKey': 'PHIQHXFUZVPYII-UHFFFAOYSA-N'}","{'CID': 85, 'InChIKey': 'PHIQHXFUZVPYII-UHFFFAOYSA-O'}"
"{'CID': 288, 'InChIKey': 'PHIQHXFUZVPYII-UHFFFAOYSA-N'}","{'CID': 85, 'InChIKey': 'PHIQHXFUZVPYII-UHFFFAOYSA-O'}"
"{'CID': 60961, 'InChIKey': 'OIRDTQYFTABQOQ-KQYNXXCUSA-N'}"
"{'CID': 5280723, 'InChIKey': 'GMVPRGQOIOIIMI-DWKJAMRDSA-N'}"
"{'CID': 6253, 'InChIKey': 'UHDGCWIWMRVCDJ-CCXZUQQUSA-N'}"
"{'CID': 5462222, 'InChIKey': 'ZLMJMSJWJFRBEC-UHFFFAOYSA-N'}"
"{'CID': 5816, 'InChIKey': 'UCTWMZQNUQWSLP-VIFPVBQESA-N'}"
"{'CID': 1061, 'InChIKey': 'NBIIXXVUZAFLBC-UHFFFAOYSA-K'}"
"{'CID': 441074, 'InChIKey': 'LOUPRKONTZGTKE-LHHVKLHASA-N'}","{'CID': 68638786, 'InChIKey': 'NGXLOCPSRZVKMI-VJAUXQICSA-N'}"
"{'CID': 441074, 'InChIKey': 'LOUPRKONTZGTKE-LHHVKLHASA-N'}","{'CID': 68638786, 'InChIKey': 'NGXLOCPSRZVKMI-VJAUXQICSA-N'}"
"{'CID': 156391, 'InChIKey': 'CMWTZPSULFXXJA-VIFPVBQESA-N'}"
"{'CID': 31703, 'InChIKey': 'AOJJSUZBOXZQNB-TZSSRYMLSA-N'}"
"{'CID': 2083, 'InChIKey': 'NDAUXUAQIAJITI-UHFFFAOYSA-N'}"
"{'CID': 2092, 'InChIKey': 'WNMJYKCGWZFFKR-UHFFFAOYSA-N'}"
"{'CID': 2099, 'InChIKey': 'JSWZEAMFRNKZNL-UHFFFAOYSA-N'}"
"{'CID': 2140, 'InChIKey': 'YVPYQUNUQOZFHG-UHFFFAOYSA-N'}"
"{'CID': 2157, 'InChIKey': 'IYIKLHRQXLHMJQ-UHFFFAOYSA-N'}"
"{'CID': 2159, 'InChIKey': 'NTJOBXMMWNYJFB-UHFFFAOYSA-N'}"
"{'CID': 2160, 'InChIKey': 'KRMDCWKBEZIMAB-UHFFFAOYSA-N'}"
"{'CID': 2179, 'InChIKey': 'XCPGHVQEEXUHNC-UHFFFAOYSA-N'}"
"{'CID': 135409400, 'InChIKey': 'OTBXOEAOVRKTNQ-UHFFFAOYSA-N'}"
"{'CID': 2249, 'InChIKey': 'METKIMKYRPQLGS-UHFFFAOYSA-N'}"
"{'CID': 447043, 'InChIKey': 'MQTOSJVFKKJCRP-BICOPXKESA-N'}"
"{'CID': 5311017, 'InChIKey': 'YXKTVDFXDRQTKV-HNNXBMFYSA-N'}"
"{'CID': 2351, 'InChIKey': 'UIEATEWHFDRYRU-UHFFFAOYSA-N'}"
"{'CID': 2405, 'InChIKey': 'VHYCDWMUTMEGQY-UHFFFAOYSA-N'}"
"{'CID': 2474, 'InChIKey': 'LEBVLXFERQHONN-UHFFFAOYSA-N'}"
"{'CID': 644073, 'InChIKey': 'RMRJXGBAOAMLHD-IHFGGWKQSA-N'}"
"{'CID': 2477, 'InChIKey': 'QWCRAEMEVRGPNT-UHFFFAOYSA-N'}"
"{'CID': 2520, 'InChIKey': 'SGTNSNPWRIOYBX-UHFFFAOYSA-N'}"
"{'CID': 2585, 'InChIKey': 'OGHNVEJMJSYVRP-UHFFFAOYSA-N'}"
"{'CID': 83898, 'InChIKey': 'WUTYZMFRCNBCHQ-PSASIEDQSA-N'}","{'CID': 2684, 'InChIKey': 'WUTYZMFRCNBCHQ-UHFFFAOYSA-N'}","{'CID': 18642481, 'InChIKey': 'WUTYZMFRCNBCHQ-WPRPVWTQSA-N'}","{'CID': 25137844, 'InChIKey': 'WUTYZMFRCNBCHQ-LHIURRSHSA-N'}","{'CID': 132935795, 'InChIKey': 'WUTYZMFRCNBCHQ-HTLJXXAVSA-N'}"
"{'CID': 83898, 'InChIKey': 'WUTYZMFRCNBCHQ-PSASIEDQSA-N'}","{'CID': 2684, 'InChIKey': 'WUTYZMFRCNBCHQ-UHFFFAOYSA-N'}","{'CID': 18642481, 'InChIKey': 'WUTYZMFRCNBCHQ-WPRPVWTQSA-N'}","{'CID': 25137844, 'InChIKey': 'WUTYZMFRCNBCHQ-LHIURRSHSA-N'}","{'CID': 132935795, 'InChIKey': 'WUTYZMFRCNBCHQ-HTLJXXAVSA-N'}"
"{'CID': 83898, 'InChIKey': 'WUTYZMFRCNBCHQ-PSASIEDQSA-N'}","{'CID': 2684, 'InChIKey': 'WUTYZMFRCNBCHQ-UHFFFAOYSA-N'}","{'CID': 18642481, 'InChIKey': 'WUTYZMFRCNBCHQ-WPRPVWTQSA-N'}","{'CID': 25137844, 'InChIKey': 'WUTYZMFRCNBCHQ-LHIURRSHSA-N'}","{'CID': 132935795, 'InChIKey': 'WUTYZMFRCNBCHQ-HTLJXXAVSA-N'}"
"{'CID': 83898, 'InChIKey': 'WUTYZMFRCNBCHQ-PSASIEDQSA-N'}","{'CID': 2684, 'InChIKey': 'WUTYZMFRCNBCHQ-UHFFFAOYSA-N'}","{'CID': 18642481, 'InChIKey': 'WUTYZMFRCNBCHQ-WPRPVWTQSA-N'}","{'CID': 25137844, 'InChIKey': 'WUTYZMFRCNBCHQ-LHIURRSHSA-N'}","{'CID': 132935795, 'InChIKey': 'WUTYZMFRCNBCHQ-HTLJXXAVSA-N'}"
"{'CID': 83898, 'InChIKey': 'WUTYZMFRCNBCHQ-PSASIEDQSA-N'}","{'CID': 2684, 'InChIKey': 'WUTYZMFRCNBCHQ-UHFFFAOYSA-N'}","{'CID': 18642481, 'InChIKey': 'WUTYZMFRCNBCHQ-WPRPVWTQSA-N'}","{'CID': 25137844, 'InChIKey': 'WUTYZMFRCNBCHQ-LHIURRSHSA-N'}","{'CID': 132935795, 'InChIKey': 'WUTYZMFRCNBCHQ-HTLJXXAVSA-N'}"
"{'CID': 2719, 'InChIKey': 'WHTVZRBIWZFKQO-UHFFFAOYSA-N'}"
"{'CID': 56330, 'InChIKey': 'HHHKFGXWKKUNCY-FHWLQOOXSA-N'}"
"{'CID': 2754, 'InChIKey': 'RRGUKTPIGVIEKM-UHFFFAOYSA-N'}"
"{'CID': 2764, 'InChIKey': 'MYSWGUAQZAJSOK-UHFFFAOYSA-N'}"
"{'CID': 2771, 'InChIKey': 'WSEQXVZVJXJVFP-UHFFFAOYSA-N'}"
"{'CID': 2801, 'InChIKey': 'GDLIGKIOYRNHDA-UHFFFAOYSA-N'}"
"{'CID': 2803, 'InChIKey': 'GJSURZIOUXUGAL-UHFFFAOYSA-N'}"
"{'CID': 135398737, 'InChIKey': 'QZUDBNBUXVUHMW-UHFFFAOYSA-N'}"
"{'CID': 5284371, 'InChIKey': 'OROGSEYTTFOCAN-DNJOTXNNSA-N'}"
"{'CID': 2907, 'InChIKey': 'CMSMOCZEIVJLDB-UHFFFAOYSA-N'}"
"{'CID': 2972, 'InChIKey': 'TZXKOCQBRNJULO-UHFFFAOYSA-N'}"
"{'CID': 3007, 'InChIKey': 'KWTSXDURSIMDCE-UHFFFAOYSA-N'}"
"{'CID': 3016, 'InChIKey': 'AAOVKJBEBIDNHE-UHFFFAOYSA-N'}"
"{'CID': 3042, 'InChIKey': 'CURUTKGFNZGFSE-UHFFFAOYSA-N'}"
"{'CID': 2724385, 'InChIKey': 'LTMHDMANZUZIPE-PUGKRICDSA-N'}"
"{'CID': 3108, 'InChIKey': 'IZEKFCXSFNUWAM-UHFFFAOYSA-N'}"
"{'CID': 3114, 'InChIKey': 'UVTNFZQICZKOEM-UHFFFAOYSA-N'}"
"{'CID': 148124, 'InChIKey': 'ZDZOTLJHXYCWBA-VCVYQWHSSA-N'}"
"{'CID': 3033818, 'InChIKey': 'UKTAZPQNNNJVKR-AKJUYKBHSA-N'}","{'CID': 3148, 'InChIKey': 'UKTAZPQNNNJVKR-UHFFFAOYSA-N'}","{'CID': 14476155, 'InChIKey': 'UKTAZPQNNNJVKR-UDXKHGJESA-N'}","{'CID': 60654, 'InChIKey': 'UKTAZPQNNNJVKR-DBBXXEFVSA-N'}","{'CID': 11503972, 'InChIKey': 'UKTAZPQNNNJVKR-QPPOZKHWSA-N'}","{'CID': 49800054, 'InChIKey': 'UKTAZPQNNNJVKR-CEUNDQEZSA-N'}"
"{'CID': 3033818, 'InChIKey': 'UKTAZPQNNNJVKR-AKJUYKBHSA-N'}","{'CID': 3148, 'InChIKey': 'UKTAZPQNNNJVKR-UHFFFAOYSA-N'}","{'CID': 14476155, 'InChIKey': 'UKTAZPQNNNJVKR-UDXKHGJESA-N'}","{'CID': 60654, 'InChIKey': 'UKTAZPQNNNJVKR-DBBXXEFVSA-N'}","{'CID': 11503972, 'InChIKey': 'UKTAZPQNNNJVKR-QPPOZKHWSA-N'}","{'CID': 49800054, 'InChIKey': 'UKTAZPQNNNJVKR-CEUNDQEZSA-N'}"
"{'CID': 3033818, 'InChIKey': 'UKTAZPQNNNJVKR-AKJUYKBHSA-N'}","{'CID': 3148, 'InChIKey': 'UKTAZPQNNNJVKR-UHFFFAOYSA-N'}","{'CID': 14476155, 'InChIKey': 'UKTAZPQNNNJVKR-UDXKHGJESA-N'}","{'CID': 60654, 'InChIKey': 'UKTAZPQNNNJVKR-DBBXXEFVSA-N'}","{'CID': 11503972, 'InChIKey': 'UKTAZPQNNNJVKR-QPPOZKHWSA-N'}","{'CID': 49800054, 'InChIKey': 'UKTAZPQNNNJVKR-CEUNDQEZSA-N'}"
"{'CID': 3033818, 'InChIKey': 'UKTAZPQNNNJVKR-AKJUYKBHSA-N'}","{'CID': 3148, 'InChIKey': 'UKTAZPQNNNJVKR-UHFFFAOYSA-N'}","{'CID': 14476155, 'InChIKey': 'UKTAZPQNNNJVKR-UDXKHGJESA-N'}","{'CID': 60654, 'InChIKey': 'UKTAZPQNNNJVKR-DBBXXEFVSA-N'}","{'CID': 11503972, 'InChIKey': 'UKTAZPQNNNJVKR-QPPOZKHWSA-N'}","{'CID': 49800054, 'InChIKey': 'UKTAZPQNNNJVKR-CEUNDQEZSA-N'}"
"{'CID': 3033818, 'InChIKey': 'UKTAZPQNNNJVKR-AKJUYKBHSA-N'}","{'CID': 3148, 'InChIKey': 'UKTAZPQNNNJVKR-UHFFFAOYSA-N'}","{'CID': 14476155, 'InChIKey': 'UKTAZPQNNNJVKR-UDXKHGJESA-N'}","{'CID': 60654, 'InChIKey': 'UKTAZPQNNNJVKR-DBBXXEFVSA-N'}","{'CID': 11503972, 'InChIKey': 'UKTAZPQNNNJVKR-QPPOZKHWSA-N'}","{'CID': 49800054, 'InChIKey': 'UKTAZPQNNNJVKR-CEUNDQEZSA-N'}"
"{'CID': 3033818, 'InChIKey': 'UKTAZPQNNNJVKR-AKJUYKBHSA-N'}","{'CID': 3148, 'InChIKey': 'UKTAZPQNNNJVKR-UHFFFAOYSA-N'}","{'CID': 14476155, 'InChIKey': 'UKTAZPQNNNJVKR-UDXKHGJESA-N'}","{'CID': 60654, 'InChIKey': 'UKTAZPQNNNJVKR-DBBXXEFVSA-N'}","{'CID': 11503972, 'InChIKey': 'UKTAZPQNNNJVKR-QPPOZKHWSA-N'}","{'CID': 49800054, 'InChIKey': 'UKTAZPQNNNJVKR-CEUNDQEZSA-N'}"
"{'CID': 3151, 'InChIKey': 'FGXWKSZFVQUSTL-UHFFFAOYSA-N'}"
"{'CID': 3152, 'InChIKey': 'ADEBPBSSDYVVLD-UHFFFAOYSA-N'}"
"{'CID': 3157, 'InChIKey': 'RUZYUOTYCVRMRZ-UHFFFAOYSA-N'}"
"{'CID': 3168, 'InChIKey': 'RMEDXOLNCUSCGS-UHFFFAOYSA-N'}"
"{'CID': 12560, 'InChIKey': 'ULGZDMOVFRHVEP-RWJQBGPGSA-N'}"
"{'CID': 165580, 'InChIKey': 'UOZODPSAJZTQNH-LSWIJEOBSA-N'}","{'CID': 90657410, 'InChIKey': 'UOZODPSAJZTQNH-VZXHOKRSSA-S'}"
"{'CID': 165580, 'InChIKey': 'UOZODPSAJZTQNH-LSWIJEOBSA-N'}","{'CID': 90657410, 'InChIKey': 'UOZODPSAJZTQNH-VZXHOKRSSA-S'}"
"{'CID': 36462, 'InChIKey': 'VJJPUSNTGOMMGY-MRVIYFEKSA-N'}"
"{'CID': 5702160, 'InChIKey': 'XUFQPHANEAPEMJ-UHFFFAOYSA-N'}","{'CID': 3325, 'InChIKey': 'XUFQPHANEAPEMJ-UHFFFAOYSA-N'}","{'CID': 5353622, 'InChIKey': 'XUFQPHANEAPEMJ-UHFFFAOYSA-N'}"
"{'CID': 5702160, 'InChIKey': 'XUFQPHANEAPEMJ-UHFFFAOYSA-N'}","{'CID': 3325, 'InChIKey': 'XUFQPHANEAPEMJ-UHFFFAOYSA-N'}","{'CID': 5353622, 'InChIKey': 'XUFQPHANEAPEMJ-UHFFFAOYSA-N'}"
"{'CID': 5702160, 'InChIKey': 'XUFQPHANEAPEMJ-UHFFFAOYSA-N'}","{'CID': 3325, 'InChIKey': 'XUFQPHANEAPEMJ-UHFFFAOYSA-N'}","{'CID': 5353622, 'InChIKey': 'XUFQPHANEAPEMJ-UHFFFAOYSA-N'}"
"{'CID': 3331, 'InChIKey': 'WKGXYQFOCVYPAC-UHFFFAOYSA-N'}"
"{'CID': 3339, 'InChIKey': 'YMTINGFKWWXKFG-UHFFFAOYSA-N'}"
"{'CID': 3345, 'InChIKey': 'PJMPHNIQZUBGLI-UHFFFAOYSA-N'}"
"{'CID': 3365, 'InChIKey': 'RFHAOTPXVQNOHP-UHFFFAOYSA-N'}"
"{'CID': 3385, 'InChIKey': 'GHASVSINZRGABV-UHFFFAOYSA-N'}"
"{'CID': 3386, 'InChIKey': 'RTHCYVBBDHJXIQ-UHFFFAOYSA-N'}"
"{'CID': 3372, 'InChIKey': 'PLDUPXSUYLZYBN-UHFFFAOYSA-N'}"
"{'CID': 5324346, 'InChIKey': 'CJOFXWAVKWHTFT-XSFVSMFZSA-N'}"
"{'CID': 3410, 'InChIKey': 'BPZSYCZIITTYBL-UHFFFAOYSA-N'}","{'CID': 3083544, 'InChIKey': 'BPZSYCZIITTYBL-YJYMSZOUSA-N'}","{'CID': 3034756, 'InChIKey': 'BPZSYCZIITTYBL-ORAYPTAESA-N'}"
"{'CID': 3410, 'InChIKey': 'BPZSYCZIITTYBL-UHFFFAOYSA-N'}","{'CID': 3083544, 'InChIKey': 'BPZSYCZIITTYBL-YJYMSZOUSA-N'}","{'CID': 3034756, 'InChIKey': 'BPZSYCZIITTYBL-ORAYPTAESA-N'}"
"{'CID': 3410, 'InChIKey': 'BPZSYCZIITTYBL-UHFFFAOYSA-N'}","{'CID': 3083544, 'InChIKey': 'BPZSYCZIITTYBL-YJYMSZOUSA-N'}","{'CID': 3034756, 'InChIKey': 'BPZSYCZIITTYBL-ORAYPTAESA-N'}"
"{'CID': 5352062, 'InChIKey': 'OHRURASPPZQGQM-GCCNXGTGSA-N'}","{'CID': 57515973, 'InChIKey': 'OHRURASPPZQGQM-QDBHDZETSA-N'}","{'CID': 3425, 'InChIKey': 'OHRURASPPZQGQM-UHFFFAOYSA-N'}","{'CID': 56840936, 'InChIKey': 'OHRURASPPZQGQM-WDCUYUQDSA-N'}","{'CID': 90488850, 'InChIKey': 'OHRURASPPZQGQM-HMLXJHLFSA-N'}","{'CID': 58708317, 'InChIKey': 'OHRURASPPZQGQM-GPVBZBHFSA-N'}","{'CID': 91110640, 'InChIKey': 'OHRURASPPZQGQM-MWQPNCDWSA-N'}","{'CID': 123135747, 'InChIKey': 'OHRURASPPZQGQM-OYTWCIJESA-N'}","{'CID': 129905275, 'InChIKey': 'OHRURASPPZQGQM-WOADUJSRSA-N'}","{'CID': 154574495, 'InChIKey': 'OHRURASPPZQGQM-QPJBHPOGSA-N'}"
"{'CID': 5352062, 'InChIKey': 'OHRURASPPZQGQM-GCCNXGTGSA-N'}","{'CID': 57515973, 'InChIKey': 'OHRURASPPZQGQM-QDBHDZETSA-N'}","{'CID': 3425, 'InChIKey': 'OHRURASPPZQGQM-UHFFFAOYSA-N'}","{'CID': 56840936, 'InChIKey': 'OHRURASPPZQGQM-WDCUYUQDSA-N'}","{'CID': 90488850, 'InChIKey': 'OHRURASPPZQGQM-HMLXJHLFSA-N'}","{'CID': 58708317, 'InChIKey': 'OHRURASPPZQGQM-GPVBZBHFSA-N'}","{'CID': 91110640, 'InChIKey': 'OHRURASPPZQGQM-MWQPNCDWSA-N'}","{'CID': 123135747, 'InChIKey': 'OHRURASPPZQGQM-OYTWCIJESA-N'}","{'CID': 129905275, 'InChIKey': 'OHRURASPPZQGQM-WOADUJSRSA-N'}","{'CID': 154574495, 'InChIKey': 'OHRURASPPZQGQM-QPJBHPOGSA-N'}"
"{'CID': 5352062, 'InChIKey': 'OHRURASPPZQGQM-GCCNXGTGSA-N'}","{'CID': 57515973, 'InChIKey': 'OHRURASPPZQGQM-QDBHDZETSA-N'}","{'CID': 3425, 'InChIKey': 'OHRURASPPZQGQM-UHFFFAOYSA-N'}","{'CID': 56840936, 'InChIKey': 'OHRURASPPZQGQM-WDCUYUQDSA-N'}","{'CID': 90488850, 'InChIKey': 'OHRURASPPZQGQM-HMLXJHLFSA-N'}","{'CID': 58708317, 'InChIKey': 'OHRURASPPZQGQM-GPVBZBHFSA-N'}","{'CID': 91110640, 'InChIKey': 'OHRURASPPZQGQM-MWQPNCDWSA-N'}","{'CID': 123135747, 'InChIKey': 'OHRURASPPZQGQM-OYTWCIJESA-N'}","{'CID': 129905275, 'InChIKey': 'OHRURASPPZQGQM-WOADUJSRSA-N'}","{'CID': 154574495, 'InChIKey': 'OHRURASPPZQGQM-QPJBHPOGSA-N'}"
"{'CID': 5352062, 'InChIKey': 'OHRURASPPZQGQM-GCCNXGTGSA-N'}","{'CID': 57515973, 'InChIKey': 'OHRURASPPZQGQM-QDBHDZETSA-N'}","{'CID': 3425, 'InChIKey': 'OHRURASPPZQGQM-UHFFFAOYSA-N'}","{'CID': 56840936, 'InChIKey': 'OHRURASPPZQGQM-WDCUYUQDSA-N'}","{'CID': 90488850, 'InChIKey': 'OHRURASPPZQGQM-HMLXJHLFSA-N'}","{'CID': 58708317, 'InChIKey': 'OHRURASPPZQGQM-GPVBZBHFSA-N'}","{'CID': 91110640, 'InChIKey': 'OHRURASPPZQGQM-MWQPNCDWSA-N'}","{'CID': 123135747, 'InChIKey': 'OHRURASPPZQGQM-OYTWCIJESA-N'}","{'CID': 129905275, 'InChIKey': 'OHRURASPPZQGQM-WOADUJSRSA-N'}","{'CID': 154574495, 'InChIKey': 'OHRURASPPZQGQM-QPJBHPOGSA-N'}"
"{'CID': 5352062, 'InChIKey': 'OHRURASPPZQGQM-GCCNXGTGSA-N'}","{'CID': 57515973, 'InChIKey': 'OHRURASPPZQGQM-QDBHDZETSA-N'}","{'CID': 3425, 'InChIKey': 'OHRURASPPZQGQM-UHFFFAOYSA-N'}","{'CID': 56840936, 'InChIKey': 'OHRURASPPZQGQM-WDCUYUQDSA-N'}","{'CID': 90488850, 'InChIKey': 'OHRURASPPZQGQM-HMLXJHLFSA-N'}","{'CID': 58708317, 'InChIKey': 'OHRURASPPZQGQM-GPVBZBHFSA-N'}","{'CID': 91110640, 'InChIKey': 'OHRURASPPZQGQM-MWQPNCDWSA-N'}","{'CID': 123135747, 'InChIKey': 'OHRURASPPZQGQM-OYTWCIJESA-N'}","{'CID': 129905275, 'InChIKey': 'OHRURASPPZQGQM-WOADUJSRSA-N'}","{'CID': 154574495, 'InChIKey': 'OHRURASPPZQGQM-QPJBHPOGSA-N'}"
"{'CID': 5352062, 'InChIKey': 'OHRURASPPZQGQM-GCCNXGTGSA-N'}","{'CID': 57515973, 'InChIKey': 'OHRURASPPZQGQM-QDBHDZETSA-N'}","{'CID': 3425, 'InChIKey': 'OHRURASPPZQGQM-UHFFFAOYSA-N'}","{'CID': 56840936, 'InChIKey': 'OHRURASPPZQGQM-WDCUYUQDSA-N'}","{'CID': 90488850, 'InChIKey': 'OHRURASPPZQGQM-HMLXJHLFSA-N'}","{'CID': 58708317, 'InChIKey': 'OHRURASPPZQGQM-GPVBZBHFSA-N'}","{'CID': 91110640, 'InChIKey': 'OHRURASPPZQGQM-MWQPNCDWSA-N'}","{'CID': 123135747, 'InChIKey': 'OHRURASPPZQGQM-OYTWCIJESA-N'}","{'CID': 129905275, 'InChIKey': 'OHRURASPPZQGQM-WOADUJSRSA-N'}","{'CID': 154574495, 'InChIKey': 'OHRURASPPZQGQM-QPJBHPOGSA-N'}"
"{'CID': 5352062, 'InChIKey': 'OHRURASPPZQGQM-GCCNXGTGSA-N'}","{'CID': 57515973, 'InChIKey': 'OHRURASPPZQGQM-QDBHDZETSA-N'}","{'CID': 3425, 'InChIKey': 'OHRURASPPZQGQM-UHFFFAOYSA-N'}","{'CID': 56840936, 'InChIKey': 'OHRURASPPZQGQM-WDCUYUQDSA-N'}","{'CID': 90488850, 'InChIKey': 'OHRURASPPZQGQM-HMLXJHLFSA-N'}","{'CID': 58708317, 'InChIKey': 'OHRURASPPZQGQM-GPVBZBHFSA-N'}","{'CID': 91110640, 'InChIKey': 'OHRURASPPZQGQM-MWQPNCDWSA-N'}","{'CID': 123135747, 'InChIKey': 'OHRURASPPZQGQM-OYTWCIJESA-N'}","{'CID': 129905275, 'InChIKey': 'OHRURASPPZQGQM-WOADUJSRSA-N'}","{'CID': 154574495, 'InChIKey': 'OHRURASPPZQGQM-QPJBHPOGSA-N'}"
"{'CID': 5352062, 'InChIKey': 'OHRURASPPZQGQM-GCCNXGTGSA-N'}","{'CID': 57515973, 'InChIKey': 'OHRURASPPZQGQM-QDBHDZETSA-N'}","{'CID': 3425, 'InChIKey': 'OHRURASPPZQGQM-UHFFFAOYSA-N'}","{'CID': 56840936, 'InChIKey': 'OHRURASPPZQGQM-WDCUYUQDSA-N'}","{'CID': 90488850, 'InChIKey': 'OHRURASPPZQGQM-HMLXJHLFSA-N'}","{'CID': 58708317, 'InChIKey': 'OHRURASPPZQGQM-GPVBZBHFSA-N'}","{'CID': 91110640, 'InChIKey': 'OHRURASPPZQGQM-MWQPNCDWSA-N'}","{'CID': 123135747, 'InChIKey': 'OHRURASPPZQGQM-OYTWCIJESA-N'}","{'CID': 129905275, 'InChIKey': 'OHRURASPPZQGQM-WOADUJSRSA-N'}","{'CID': 154574495, 'InChIKey': 'OHRURASPPZQGQM-QPJBHPOGSA-N'}"
"{'CID': 5352062, 'InChIKey': 'OHRURASPPZQGQM-GCCNXGTGSA-N'}","{'CID': 57515973, 'InChIKey': 'OHRURASPPZQGQM-QDBHDZETSA-N'}","{'CID': 3425, 'InChIKey': 'OHRURASPPZQGQM-UHFFFAOYSA-N'}","{'CID': 56840936, 'InChIKey': 'OHRURASPPZQGQM-WDCUYUQDSA-N'}","{'CID': 90488850, 'InChIKey': 'OHRURASPPZQGQM-HMLXJHLFSA-N'}","{'CID': 58708317, 'InChIKey': 'OHRURASPPZQGQM-GPVBZBHFSA-N'}","{'CID': 91110640, 'InChIKey': 'OHRURASPPZQGQM-MWQPNCDWSA-N'}","{'CID': 123135747, 'InChIKey': 'OHRURASPPZQGQM-OYTWCIJESA-N'}","{'CID': 129905275, 'InChIKey': 'OHRURASPPZQGQM-WOADUJSRSA-N'}","{'CID': 154574495, 'InChIKey': 'OHRURASPPZQGQM-QPJBHPOGSA-N'}"
"{'CID': 5352062, 'InChIKey': 'OHRURASPPZQGQM-GCCNXGTGSA-N'}","{'CID': 57515973, 'InChIKey': 'OHRURASPPZQGQM-QDBHDZETSA-N'}","{'CID': 3425, 'InChIKey': 'OHRURASPPZQGQM-UHFFFAOYSA-N'}","{'CID': 56840936, 'InChIKey': 'OHRURASPPZQGQM-WDCUYUQDSA-N'}","{'CID': 90488850, 'InChIKey': 'OHRURASPPZQGQM-HMLXJHLFSA-N'}","{'CID': 58708317, 'InChIKey': 'OHRURASPPZQGQM-GPVBZBHFSA-N'}","{'CID': 91110640, 'InChIKey': 'OHRURASPPZQGQM-MWQPNCDWSA-N'}","{'CID': 123135747, 'InChIKey': 'OHRURASPPZQGQM-OYTWCIJESA-N'}","{'CID': 129905275, 'InChIKey': 'OHRURASPPZQGQM-WOADUJSRSA-N'}","{'CID': 154574495, 'InChIKey': 'OHRURASPPZQGQM-QPJBHPOGSA-N'}"
"{'CID': 9651, 'InChIKey': 'ASUTZQLVASHGKV-JDFRZJQESA-N'}"
"{'CID': 135398740, 'InChIKey': 'IRSCQMHQWWYFCW-UHFFFAOYSA-N'}"
"{'CID': 60750, 'InChIKey': 'SDUQYLNIPVEERB-QPPQHZFASA-N'}"
"{'CID': 3559, 'InChIKey': 'LNEPOXFFQSENCJ-UHFFFAOYSA-N'}"
"{'CID': 5284570, 'InChIKey': 'WVLOADHCBXTIJK-YNHQPCIGSA-N'}"
"{'CID': 3652, 'InChIKey': 'XXSMGPRMXLTPCZ-UHFFFAOYSA-N'}"
"{'CID': 174174, 'InChIKey': 'RKUNBYITZUJHSG-PJPHBNEVSA-N'}"
"{'CID': 42890, 'InChIKey': 'XDXDZDZNSLXDNA-TZNDIEGXSA-N'}"
"{'CID': 3690, 'InChIKey': 'HOMGKSMUEGBAAB-UHFFFAOYSA-N'}"
"{'CID': 3696, 'InChIKey': 'BCGWQEUPMDMJNV-UHFFFAOYSA-N'}"
"{'CID': 3702, 'InChIKey': 'NDDAHWYSQHTHNT-UHFFFAOYSA-N'}"
"{'CID': 65492, 'InChIKey': 'XQZXYNRDCRIARQ-LURJTMIESA-N'}"
"{'CID': 3741, 'InChIKey': 'AMDBBAQNWSUWGN-UHFFFAOYSA-N'}"
"{'CID': 3779, 'InChIKey': 'JWZZKOKVBUJMES-UHFFFAOYSA-N'}"
"{'CID': 55283, 'InChIKey': 'VHVPQPYKVGDNFY-ZPGVKDDISA-N'}","{'CID': 3793, 'InChIKey': 'VHVPQPYKVGDNFY-UHFFFAOYSA-N'}","{'CID': 6917738, 'InChIKey': 'VHVPQPYKVGDNFY-AVQIMAJZSA-N'}","{'CID': 14179013, 'InChIKey': 'VHVPQPYKVGDNFY-TUJWMRSMSA-N'}","{'CID': 45039617, 'InChIKey': 'VHVPQPYKVGDNFY-VXTATNQMSA-N'}","{'CID': 14179008, 'InChIKey': 'VHVPQPYKVGDNFY-DFMJLFEVSA-N'}"
"{'CID': 55283, 'InChIKey': 'VHVPQPYKVGDNFY-ZPGVKDDISA-N'}","{'CID': 3793, 'InChIKey': 'VHVPQPYKVGDNFY-UHFFFAOYSA-N'}","{'CID': 6917738, 'InChIKey': 'VHVPQPYKVGDNFY-AVQIMAJZSA-N'}","{'CID': 14179013, 'InChIKey': 'VHVPQPYKVGDNFY-TUJWMRSMSA-N'}","{'CID': 45039617, 'InChIKey': 'VHVPQPYKVGDNFY-VXTATNQMSA-N'}","{'CID': 14179008, 'InChIKey': 'VHVPQPYKVGDNFY-DFMJLFEVSA-N'}"
"{'CID': 55283, 'InChIKey': 'VHVPQPYKVGDNFY-ZPGVKDDISA-N'}","{'CID': 3793, 'InChIKey': 'VHVPQPYKVGDNFY-UHFFFAOYSA-N'}","{'CID': 6917738, 'InChIKey': 'VHVPQPYKVGDNFY-AVQIMAJZSA-N'}","{'CID': 14179013, 'InChIKey': 'VHVPQPYKVGDNFY-TUJWMRSMSA-N'}","{'CID': 45039617, 'InChIKey': 'VHVPQPYKVGDNFY-VXTATNQMSA-N'}","{'CID': 14179008, 'InChIKey': 'VHVPQPYKVGDNFY-DFMJLFEVSA-N'}"
"{'CID': 55283, 'InChIKey': 'VHVPQPYKVGDNFY-ZPGVKDDISA-N'}","{'CID': 3793, 'InChIKey': 'VHVPQPYKVGDNFY-UHFFFAOYSA-N'}","{'CID': 6917738, 'InChIKey': 'VHVPQPYKVGDNFY-AVQIMAJZSA-N'}","{'CID': 14179013, 'InChIKey': 'VHVPQPYKVGDNFY-TUJWMRSMSA-N'}","{'CID': 45039617, 'InChIKey': 'VHVPQPYKVGDNFY-VXTATNQMSA-N'}","{'CID': 14179008, 'InChIKey': 'VHVPQPYKVGDNFY-DFMJLFEVSA-N'}"
"{'CID': 55283, 'InChIKey': 'VHVPQPYKVGDNFY-ZPGVKDDISA-N'}","{'CID': 3793, 'InChIKey': 'VHVPQPYKVGDNFY-UHFFFAOYSA-N'}","{'CID': 6917738, 'InChIKey': 'VHVPQPYKVGDNFY-AVQIMAJZSA-N'}","{'CID': 14179013, 'InChIKey': 'VHVPQPYKVGDNFY-TUJWMRSMSA-N'}","{'CID': 45039617, 'InChIKey': 'VHVPQPYKVGDNFY-VXTATNQMSA-N'}","{'CID': 14179008, 'InChIKey': 'VHVPQPYKVGDNFY-DFMJLFEVSA-N'}"
"{'CID': 55283, 'InChIKey': 'VHVPQPYKVGDNFY-ZPGVKDDISA-N'}","{'CID': 3793, 'InChIKey': 'VHVPQPYKVGDNFY-UHFFFAOYSA-N'}","{'CID': 6917738, 'InChIKey': 'VHVPQPYKVGDNFY-AVQIMAJZSA-N'}","{'CID': 14179013, 'InChIKey': 'VHVPQPYKVGDNFY-TUJWMRSMSA-N'}","{'CID': 45039617, 'InChIKey': 'VHVPQPYKVGDNFY-VXTATNQMSA-N'}","{'CID': 14179008, 'InChIKey': 'VHVPQPYKVGDNFY-DFMJLFEVSA-N'}"
"{'CID': 456201, 'InChIKey': 'XMAYWYJOQHXEEK-OZXSUGGESA-N'}","{'CID': 47576, 'InChIKey': 'XMAYWYJOQHXEEK-ZEQKJWHPSA-N'}","{'CID': 3823, 'InChIKey': 'XMAYWYJOQHXEEK-UHFFFAOYSA-N'}","{'CID': 5702077, 'InChIKey': 'XMAYWYJOQHXEEK-NASUQTAISA-N'}","{'CID': 16757695, 'InChIKey': 'XMAYWYJOQHXEEK-ANWICMFUSA-N'}","{'CID': 73951506, 'InChIKey': 'XMAYWYJOQHXEEK-ZZHFZYNASA-N'}"
"{'CID': 456201, 'InChIKey': 'XMAYWYJOQHXEEK-OZXSUGGESA-N'}","{'CID': 47576, 'InChIKey': 'XMAYWYJOQHXEEK-ZEQKJWHPSA-N'}","{'CID': 3823, 'InChIKey': 'XMAYWYJOQHXEEK-UHFFFAOYSA-N'}","{'CID': 5702077, 'InChIKey': 'XMAYWYJOQHXEEK-NASUQTAISA-N'}","{'CID': 16757695, 'InChIKey': 'XMAYWYJOQHXEEK-ANWICMFUSA-N'}","{'CID': 73951506, 'InChIKey': 'XMAYWYJOQHXEEK-ZZHFZYNASA-N'}"
"{'CID': 456201, 'InChIKey': 'XMAYWYJOQHXEEK-OZXSUGGESA-N'}","{'CID': 47576, 'InChIKey': 'XMAYWYJOQHXEEK-ZEQKJWHPSA-N'}","{'CID': 3823, 'InChIKey': 'XMAYWYJOQHXEEK-UHFFFAOYSA-N'}","{'CID': 5702077, 'InChIKey': 'XMAYWYJOQHXEEK-NASUQTAISA-N'}","{'CID': 16757695, 'InChIKey': 'XMAYWYJOQHXEEK-ANWICMFUSA-N'}","{'CID': 73951506, 'InChIKey': 'XMAYWYJOQHXEEK-ZZHFZYNASA-N'}"
"{'CID': 456201, 'InChIKey': 'XMAYWYJOQHXEEK-OZXSUGGESA-N'}","{'CID': 47576, 'InChIKey': 'XMAYWYJOQHXEEK-ZEQKJWHPSA-N'}","{'CID': 3823, 'InChIKey': 'XMAYWYJOQHXEEK-UHFFFAOYSA-N'}","{'CID': 5702077, 'InChIKey': 'XMAYWYJOQHXEEK-NASUQTAISA-N'}","{'CID': 16757695, 'InChIKey': 'XMAYWYJOQHXEEK-ANWICMFUSA-N'}","{'CID': 73951506, 'InChIKey': 'XMAYWYJOQHXEEK-ZZHFZYNASA-N'}"
"{'CID': 456201, 'InChIKey': 'XMAYWYJOQHXEEK-OZXSUGGESA-N'}","{'CID': 47576, 'InChIKey': 'XMAYWYJOQHXEEK-ZEQKJWHPSA-N'}","{'CID': 3823, 'InChIKey': 'XMAYWYJOQHXEEK-UHFFFAOYSA-N'}","{'CID': 5702077, 'InChIKey': 'XMAYWYJOQHXEEK-NASUQTAISA-N'}","{'CID': 16757695, 'InChIKey': 'XMAYWYJOQHXEEK-ANWICMFUSA-N'}","{'CID': 73951506, 'InChIKey': 'XMAYWYJOQHXEEK-ZZHFZYNASA-N'}"
"{'CID': 456201, 'InChIKey': 'XMAYWYJOQHXEEK-OZXSUGGESA-N'}","{'CID': 47576, 'InChIKey': 'XMAYWYJOQHXEEK-ZEQKJWHPSA-N'}","{'CID': 3823, 'InChIKey': 'XMAYWYJOQHXEEK-UHFFFAOYSA-N'}","{'CID': 5702077, 'InChIKey': 'XMAYWYJOQHXEEK-NASUQTAISA-N'}","{'CID': 16757695, 'InChIKey': 'XMAYWYJOQHXEEK-ANWICMFUSA-N'}","{'CID': 73951506, 'InChIKey': 'XMAYWYJOQHXEEK-ZZHFZYNASA-N'}"
"{'CID': 60825, 'InChIKey': 'JTEGQNOMFQHVDC-NKWVEPMBSA-N'}"
"{'CID': 3948, 'InChIKey': 'ZEKZLJVOYLTDKK-UHFFFAOYSA-N'}"
"{'CID': 4011, 'InChIKey': 'QSLMDECMDJKHMQ-UHFFFAOYSA-N'}"
"{'CID': 10631, 'InChIKey': 'FRQMUZJSZHZSGN-HBNHAYAOSA-N'}"
"{'CID': 4054, 'InChIKey': 'BUGYDGFZZOZRHP-UHFFFAOYSA-N'}"
"{'CID': 4058, 'InChIKey': 'XADCESSVHJOZHK-UHFFFAOYSA-N'}"
"{'CID': 4095, 'InChIKey': 'USSIQXCVUWKGNF-UHFFFAOYSA-N'}"
"{'CID': 4171, 'InChIKey': 'IUBSYMUCCVWXPE-UHFFFAOYSA-N'}"
"{'CID': 4178, 'InChIKey': 'VLPIATFUUWWMKC-UHFFFAOYSA-N'}"
"{'CID': 4184, 'InChIKey': 'UEQUQVLFIPOEMF-UHFFFAOYSA-N'}"
"{'CID': 4197, 'InChIKey': 'PZRHRDRVRGEVNW-UHFFFAOYSA-N'}"
"{'CID': 4201, 'InChIKey': 'ZIMGGGWCDYVHOY-UHFFFAOYSA-N'}"
"{'CID': 4205, 'InChIKey': 'RONZAEMNMFQXRA-UHFFFAOYSA-N'}"
"{'CID': 4212, 'InChIKey': 'KKZJGLLVHKMTCM-UHFFFAOYSA-N'}"
"{'CID': 4236, 'InChIKey': 'YFGHCGITMMYXAQ-UHFFFAOYSA-N'}"
"{'CID': 5288826, 'InChIKey': 'BQJCRHHNABKAKU-KBQPJGBKSA-N'}"
"{'CID': 152946, 'InChIKey': 'FABPRXSRWADJSP-MEDUHNTESA-N'}"
"{'CID': 446541, 'InChIKey': 'HPNSFSBZBAHARI-RUDMXATFSA-N'}"
"{'CID': 4274, 'InChIKey': 'QCWJONLQSHEGEJ-UHFFFAOYSA-N'}"
"{'CID': 4440, 'InChIKey': 'AMKVXSZCKVJAGH-UHFFFAOYSA-N'}"
"{'CID': 64143, 'InChIKey': 'QAGYKUNXZHXKMR-HKWSIXNMSA-N'}"
"{'CID': 4474, 'InChIKey': 'ZBBHBTPTTSWHBA-UHFFFAOYSA-N'}"
"{'CID': 4485, 'InChIKey': 'HYIMSNHJOBLJNT-UHFFFAOYSA-N'}"
"{'CID': 4539, 'InChIKey': 'OGJPXUAPXNRGGI-UHFFFAOYSA-N'}"
"{'CID': 4543, 'InChIKey': 'PHVGLTMQBUFIQQ-UHFFFAOYSA-N'}"
"{'CID': 65981, 'InChIKey': 'FAEKWTJYAYMJKF-QHCPKHFHSA-N'}"
"{'CID': 4583, 'InChIKey': 'GSDSWSVVBLHKDQ-UHFFFAOYSA-N'}"
"{'CID': 135398745, 'InChIKey': 'KVWDHTXUZHCGIO-UHFFFAOYSA-N'}"
"{'CID': 4595, 'InChIKey': 'FELGMEQIXOGIFQ-UHFFFAOYSA-N'}"
"{'CID': 5284603, 'InChIKey': 'BRUQQQPBMZOVGD-XFKAJCMBSA-N'}"
"{'CID': 36314, 'InChIKey': 'RCINICONZNJXQF-MZXODVADSA-N'}"
"{'CID': 4679, 'InChIKey': 'IQPSEEYGBUAQFF-UHFFFAOYSA-N'}"
"{'CID': 43815, 'InChIKey': 'AHOUBRCZNHFOSL-YOEHRIQHSA-N'}"
"{'CID': 4735, 'InChIKey': 'XDRYMKDFEDOLFX-UHFFFAOYSA-N'}"
"{'CID': 441278, 'InChIKey': 'VOKSWYLNZZRQPF-GDIGMMSISA-N'}"
"{'CID': 47811, 'InChIKey': 'YEHCICAEULNIGD-MZMPZRCHSA-N'}"
"{'CID': 4746, 'InChIKey': 'CYXKNKQEMFBLER-UHFFFAOYSA-N'}"
"{'CID': 4829, 'InChIKey': 'HYAFETHFCAUJAY-UHFFFAOYSA-N'}"
"{'CID': 4915, 'InChIKey': 'CPTBDICYNRMXFX-UHFFFAOYSA-N'}"
"{'CID': 4932, 'InChIKey': 'JWHAUXFOSRPERK-UHFFFAOYSA-N'}"
"{'CID': 4943, 'InChIKey': 'OLBCVFGFOZPWHH-UHFFFAOYSA-N'}"
"{'CID': 5002, 'InChIKey': 'URKOMYMAXPYINW-UHFFFAOYSA-N'}"
"{'CID': 54892, 'InChIKey': 'JSDRRTOADPPCHY-HSQYWUDLSA-N'}"
"{'CID': 5029, 'InChIKey': 'YREYEVIYCVEVJK-UHFFFAOYSA-N'}"
"{'CID': 37542, 'InChIKey': 'IWUCXVSUMQZMFG-AFCXAGJDSA-N'}"
"{'CID': 5073, 'InChIKey': 'RAPZEAPATHNIPO-UHFFFAOYSA-N'}"
"{'CID': 77991, 'InChIKey': 'XSVMFMHYUFZWBK-NSHDSACASA-N'}"
"{'CID': 5095, 'InChIKey': 'UHSKFQJFRQCDBE-UHFFFAOYSA-N'}"
"{'CID': 5195, 'InChIKey': 'MEZLKOACVSPNER-UHFFFAOYSA-N'}"
"{'CID': 68617, 'InChIKey': 'VGKDLMBJGBXTGI-SJCJKPOMSA-N'}"
"{'CID': 5206, 'InChIKey': 'DFEYYRMXOJXZRJ-UHFFFAOYSA-N'}"
"{'CID': 5210, 'InChIKey': 'UNAANXDKBXWMLN-UHFFFAOYSA-N'}"
"{'CID': 135398744, 'InChIKey': 'BNRNXUUZRGQAQC-UHFFFAOYSA-N'}"
"{'CID': 5253, 'InChIKey': 'ZBMZVLHSJCTVON-UHFFFAOYSA-N'}"
"{'CID': 60464, 'InChIKey': 'DZZWHBIBMUVIIW-DTORHVGOSA-N'}"
"{'CID': 5358, 'InChIKey': 'KQKPFRSPSRPDEB-UHFFFAOYSA-N'}"
"{'CID': 445643, 'InChIKey': 'QJJXYPPXXYFBGM-LFZNUXCKSA-N'}"
"{'CID': 5379, 'InChIKey': 'XUBOMFCQGDBHNK-UHFFFAOYSA-N'}"
"{'CID': 452548, 'InChIKey': 'NRUKOCRGYNPUPR-QBPJDGROSA-N'}"
"{'CID': 5452, 'InChIKey': 'KLBQZWRITKRQQV-UHFFFAOYSA-N'}"
"{'CID': 5453, 'InChIKey': 'FOCVUCIESVLUNU-UHFFFAOYSA-N'}"
"{'CID': 60648, 'InChIKey': 'PBJUNZJWGZTSKL-MRXNPFEDSA-N'}"
"{'CID': 5487, 'InChIKey': 'XFYDIVBRZNQMJC-UHFFFAOYSA-N'}"
"{'CID': 5284627, 'InChIKey': 'KJADKKWYZYXHBB-XBWDGYHZSA-N'}"
"{'CID': 33741, 'InChIKey': 'TVYLLZQTGLZFBW-ZBFHGGJFSA-N'}"
"{'CID': 5484727, 'InChIKey': 'VXFJYXUZANRPDJ-WTNASJBWSA-N'}"
"{'CID': 5533, 'InChIKey': 'PHLBKPHSAVXXEF-UHFFFAOYSA-N'}"
"{'CID': 5566, 'InChIKey': 'ZEWQUBUPAILYHI-UHFFFAOYSA-N'}"
"{'CID': 5284632, 'InChIKey': 'OYYDSUSKLWTMMQ-AIZNXBIQSA-N'}"
"{'CID': 5625, 'InChIKey': 'WHBIGIKBNXZKFE-UHFFFAOYSA-N'}"
"{'CID': 31401, 'InChIKey': 'RUDATBOHQWOJDD-UZVSRGJWSA-N'}"
"{'CID': 5656, 'InChIKey': 'PNVNVHUZROJLTJ-UHFFFAOYSA-N'}"
"{'CID': 24066, 'InChIKey': 'WREGKURFCTUGRC-POYBYMJQSA-N'}"
"{'CID': 35370, 'InChIKey': 'HBOMLICNUCNMMY-XLPZGREQSA-N'}"
"{'CID': 60857, 'InChIKey': 'ULSDMUVEXKOYBU-ZDUSSCGKSA-N'}"
"{'CID': 5746, 'InChIKey': 'NWIBSHFKIJFRCO-WUDYKRTCSA-N'}"
"{'CID': 439302, 'InChIKey': 'XNOPRXBHLZRZKH-DSZYJQQASA-N'}"
"{'CID': 6432, 'InChIKey': 'QYSGYZVSCZSLHT-UHFFFAOYSA-N'}"
"{'CID': 9034, 'InChIKey': 'NZXKDOXHBHYTKP-UHFFFAOYSA-N'}"
"{'CID': 5311507, 'InChIKey': 'WFPIAZLQTJBIFN-DVZOWYKESA-N'}"
"{'CID': 5359596, 'InChIKey': 'RQNWIZPPADIBDY-UHFFFAOYSA-N'}"
"{'CID': 16362, 'InChIKey': 'YVUQSNJEYSNKRX-UHFFFAOYSA-N'}"
"{'CID': 451668, 'InChIKey': 'XAUDJQYHKZQPEU-KVQBGUIXSA-N'}"
"{'CID': 19090, 'InChIKey': 'VXIMPSPISRVBPZ-NWUMPJBXSA-N'}"
"{'CID': 27661, 'InChIKey': 'YWXYYJSYQOXTPL-SLPGGIOYSA-N'}"
"{'CID': 71384, 'InChIKey': 'BMKDZUISNHGIBY-ZETCQYMHSA-N'}"
"{'CID': 42113, 'InChIKey': 'DPYMFVXJLLWWEU-UHFFFAOYSA-N'}"
"{'CID': 84029, 'InChIKey': 'AGOYDEPGAOXOCK-KCBOHYOISA-N'}"
"{'CID': 56959, 'InChIKey': 'XKLMZUWKNUAPSZ-UHFFFAOYSA-N'}"
"{'CID': 57469, 'InChIKey': 'DOUYETYNHWVLEO-UHFFFAOYSA-N'}"
"{'CID': 59768, 'InChIKey': 'AQNDDEOPVVGCPG-UHFFFAOYSA-N'}"
"{'CID': 107807, 'InChIKey': 'IPVQLZZIHOAWMC-QXKUPLGCSA-N'}"
"{'CID': 60613, 'InChIKey': 'VWFCHDSQECPREK-LURJTMIESA-N'}"
"{'CID': 441290, 'InChIKey': 'YXRDKMPIGHSVRX-OOJCLDBCSA-N'}"
"{'CID': 441243, 'InChIKey': 'QWAXKHKRTORLEM-UGJKXSETSA-N'}"
"{'CID': 60795, 'InChIKey': 'CEUORZQYGODEFX-UHFFFAOYSA-N'}"
"{'CID': 60854, 'InChIKey': 'MVWVFYHBGMAFLY-UHFFFAOYSA-N'}"
"{'CID': 5281037, 'InChIKey': 'OROAFUQRIXKEMV-LDADJPATSA-N'}"
"{'CID': 60953, 'InChIKey': 'GAGWJHPBXLXJQN-UORFTKCHSA-N'}"
"{'CID': 127151, 'InChIKey': 'CBQGYUDMJHNJBX-RTBURBONSA-N'}"
"{'CID': 65999, 'InChIKey': 'RMMXLENWKUUMAY-UHFFFAOYSA-N'}"
"{'CID': 71158, 'InChIKey': 'AFCGFAGUEYAMAO-UHFFFAOYSA-N'}"
"{'CID': 71329, 'InChIKey': 'IXTMWRCNAAVVAI-UHFFFAOYSA-N'}"
"{'CID': 71349, 'InChIKey': 'PUDHBTGHUJUUFI-UHFFFAOYSA-N'}","{'CID': 6918011, 'InChIKey': 'PUDHBTGHUJUUFI-SCTWWAJVSA-N'}","{'CID': 122173799, 'InChIKey': 'PUDHBTGHUJUUFI-PURAGXGVSA-N'}","{'CID': 10796238, 'InChIKey': 'PUDHBTGHUJUUFI-HUZRFOFRSA-N'}","{'CID': 44270249, 'InChIKey': 'PUDHBTGHUJUUFI-IOJUUEKKSA-N'}","{'CID': 134694358, 'InChIKey': 'PUDHBTGHUJUUFI-GXXPDJEGSA-N'}","{'CID': 138393800, 'InChIKey': 'PUDHBTGHUJUUFI-MDICWYLLSA-N'}"
"{'CID': 71349, 'InChIKey': 'PUDHBTGHUJUUFI-UHFFFAOYSA-N'}","{'CID': 6918011, 'InChIKey': 'PUDHBTGHUJUUFI-SCTWWAJVSA-N'}","{'CID': 122173799, 'InChIKey': 'PUDHBTGHUJUUFI-PURAGXGVSA-N'}","{'CID': 10796238, 'InChIKey': 'PUDHBTGHUJUUFI-HUZRFOFRSA-N'}","{'CID': 44270249, 'InChIKey': 'PUDHBTGHUJUUFI-IOJUUEKKSA-N'}","{'CID': 134694358, 'InChIKey': 'PUDHBTGHUJUUFI-GXXPDJEGSA-N'}","{'CID': 138393800, 'InChIKey': 'PUDHBTGHUJUUFI-MDICWYLLSA-N'}"
"{'CID': 71349, 'InChIKey': 'PUDHBTGHUJUUFI-UHFFFAOYSA-N'}","{'CID': 6918011, 'InChIKey': 'PUDHBTGHUJUUFI-SCTWWAJVSA-N'}","{'CID': 122173799, 'InChIKey': 'PUDHBTGHUJUUFI-PURAGXGVSA-N'}","{'CID': 10796238, 'InChIKey': 'PUDHBTGHUJUUFI-HUZRFOFRSA-N'}","{'CID': 44270249, 'InChIKey': 'PUDHBTGHUJUUFI-IOJUUEKKSA-N'}","{'CID': 134694358, 'InChIKey': 'PUDHBTGHUJUUFI-GXXPDJEGSA-N'}","{'CID': 138393800, 'InChIKey': 'PUDHBTGHUJUUFI-MDICWYLLSA-N'}"
"{'CID': 71349, 'InChIKey': 'PUDHBTGHUJUUFI-UHFFFAOYSA-N'}","{'CID': 6918011, 'InChIKey': 'PUDHBTGHUJUUFI-SCTWWAJVSA-N'}","{'CID': 122173799, 'InChIKey': 'PUDHBTGHUJUUFI-PURAGXGVSA-N'}","{'CID': 10796238, 'InChIKey': 'PUDHBTGHUJUUFI-HUZRFOFRSA-N'}","{'CID': 44270249, 'InChIKey': 'PUDHBTGHUJUUFI-IOJUUEKKSA-N'}","{'CID': 134694358, 'InChIKey': 'PUDHBTGHUJUUFI-GXXPDJEGSA-N'}","{'CID': 138393800, 'InChIKey': 'PUDHBTGHUJUUFI-MDICWYLLSA-N'}"
"{'CID': 71349, 'InChIKey': 'PUDHBTGHUJUUFI-UHFFFAOYSA-N'}","{'CID': 6918011, 'InChIKey': 'PUDHBTGHUJUUFI-SCTWWAJVSA-N'}","{'CID': 122173799, 'InChIKey': 'PUDHBTGHUJUUFI-PURAGXGVSA-N'}","{'CID': 10796238, 'InChIKey': 'PUDHBTGHUJUUFI-HUZRFOFRSA-N'}","{'CID': 44270249, 'InChIKey': 'PUDHBTGHUJUUFI-IOJUUEKKSA-N'}","{'CID': 134694358, 'InChIKey': 'PUDHBTGHUJUUFI-GXXPDJEGSA-N'}","{'CID': 138393800, 'InChIKey': 'PUDHBTGHUJUUFI-MDICWYLLSA-N'}"
"{'CID': 71349, 'InChIKey': 'PUDHBTGHUJUUFI-UHFFFAOYSA-N'}","{'CID': 6918011, 'InChIKey': 'PUDHBTGHUJUUFI-SCTWWAJVSA-N'}","{'CID': 122173799, 'InChIKey': 'PUDHBTGHUJUUFI-PURAGXGVSA-N'}","{'CID': 10796238, 'InChIKey': 'PUDHBTGHUJUUFI-HUZRFOFRSA-N'}","{'CID': 44270249, 'InChIKey': 'PUDHBTGHUJUUFI-IOJUUEKKSA-N'}","{'CID': 134694358, 'InChIKey': 'PUDHBTGHUJUUFI-GXXPDJEGSA-N'}","{'CID': 138393800, 'InChIKey': 'PUDHBTGHUJUUFI-MDICWYLLSA-N'}"
"{'CID': 71349, 'InChIKey': 'PUDHBTGHUJUUFI-UHFFFAOYSA-N'}","{'CID': 6918011, 'InChIKey': 'PUDHBTGHUJUUFI-SCTWWAJVSA-N'}","{'CID': 122173799, 'InChIKey': 'PUDHBTGHUJUUFI-PURAGXGVSA-N'}","{'CID': 10796238, 'InChIKey': 'PUDHBTGHUJUUFI-HUZRFOFRSA-N'}","{'CID': 44270249, 'InChIKey': 'PUDHBTGHUJUUFI-IOJUUEKKSA-N'}","{'CID': 134694358, 'InChIKey': 'PUDHBTGHUJUUFI-GXXPDJEGSA-N'}","{'CID': 138393800, 'InChIKey': 'PUDHBTGHUJUUFI-MDICWYLLSA-N'}"
"{'CID': 71616, 'InChIKey': 'BCEHBSKCWLPMDN-MGPLVRAMSA-N'}"
"{'CID': 72081, 'InChIKey': 'BENFXAYNYRLAIU-QSVFAHTRSA-N'}"
"{'CID': 9571107, 'InChIKey': 'ZRCVYEYHRGVLOC-HYARGMPZSA-N'}"
"{'CID': 3002190, 'InChIKey': 'LJVAJPDWBABPEJ-PNUFFHFMSA-N'}","{'CID': 11693521, 'InChIKey': 'LJVAJPDWBABPEJ-XZVSULPPSA-N'}","{'CID': 46783745, 'InChIKey': 'LJVAJPDWBABPEJ-GNAILWMQSA-N'}","{'CID': 21881641, 'InChIKey': 'LJVAJPDWBABPEJ-UHFFFAOYSA-N'}","{'CID': 24847865, 'InChIKey': 'LJVAJPDWBABPEJ-ZHVJIJPXSA-N'}","{'CID': 92043103, 'InChIKey': 'LJVAJPDWBABPEJ-CNYQIRROSA-N'}","{'CID': 5496803, 'InChIKey': 'LJVAJPDWBABPEJ-MMEUOAQYSA-N'}","{'CID': 70789201, 'InChIKey': 'LJVAJPDWBABPEJ-RMNISARHSA-N'}","{'CID': 22525209, 'InChIKey': 'LJVAJPDWBABPEJ-UJTBCPHMSA-N'}","{'CID': 23958736, 'InChIKey': 'LJVAJPDWBABPEJ-HKEYBQESSA-N'}","{'CID': 71296916, 'InChIKey': 'LJVAJPDWBABPEJ-YTBAZVAZSA-N'}","{'CID': 16667730, 'InChIKey': 'LJVAJPDWBABPEJ-OGYJZTRFSA-N'}","{'CID': 118701745, 'InChIKey': 'LJVAJPDWBABPEJ-AHMGRMSPSA-N'}","{'CID': 134695314, 'InChIKey': 'LJVAJPDWBABPEJ-UDJHFMPJSA-N'}","{'CID': 138402871, 'InChIKey': 'LJVAJPDWBABPEJ-WMGYHEQLSA-N'}"
"{'CID': 3002190, 'InChIKey': 'LJVAJPDWBABPEJ-PNUFFHFMSA-N'}","{'CID': 11693521, 'InChIKey': 'LJVAJPDWBABPEJ-XZVSULPPSA-N'}","{'CID': 46783745, 'InChIKey': 'LJVAJPDWBABPEJ-GNAILWMQSA-N'}","{'CID': 21881641, 'InChIKey': 'LJVAJPDWBABPEJ-UHFFFAOYSA-N'}","{'CID': 24847865, 'InChIKey': 'LJVAJPDWBABPEJ-ZHVJIJPXSA-N'}","{'CID': 92043103, 'InChIKey': 'LJVAJPDWBABPEJ-CNYQIRROSA-N'}","{'CID': 5496803, 'InChIKey': 'LJVAJPDWBABPEJ-MMEUOAQYSA-N'}","{'CID': 70789201, 'InChIKey': 'LJVAJPDWBABPEJ-RMNISARHSA-N'}","{'CID': 22525209, 'InChIKey': 'LJVAJPDWBABPEJ-UJTBCPHMSA-N'}","{'CID': 23958736, 'InChIKey': 'LJVAJPDWBABPEJ-HKEYBQESSA-N'}","{'CID': 71296916, 'InChIKey': 'LJVAJPDWBABPEJ-YTBAZVAZSA-N'}","{'CID': 16667730, 'InChIKey': 'LJVAJPDWBABPEJ-OGYJZTRFSA-N'}","{'CID': 118701745, 'InChIKey': 'LJVAJPDWBABPEJ-AHMGRMSPSA-N'}","{'CID': 134695314, 'InChIKey': 'LJVAJPDWBABPEJ-UDJHFMPJSA-N'}","{'CID': 138402871, 'InChIKey': 'LJVAJPDWBABPEJ-WMGYHEQLSA-N'}"
"{'CID': 3002190, 'InChIKey': 'LJVAJPDWBABPEJ-PNUFFHFMSA-N'}","{'CID': 11693521, 'InChIKey': 'LJVAJPDWBABPEJ-XZVSULPPSA-N'}","{'CID': 46783745, 'InChIKey': 'LJVAJPDWBABPEJ-GNAILWMQSA-N'}","{'CID': 21881641, 'InChIKey': 'LJVAJPDWBABPEJ-UHFFFAOYSA-N'}","{'CID': 24847865, 'InChIKey': 'LJVAJPDWBABPEJ-ZHVJIJPXSA-N'}","{'CID': 92043103, 'InChIKey': 'LJVAJPDWBABPEJ-CNYQIRROSA-N'}","{'CID': 5496803, 'InChIKey': 'LJVAJPDWBABPEJ-MMEUOAQYSA-N'}","{'CID': 70789201, 'InChIKey': 'LJVAJPDWBABPEJ-RMNISARHSA-N'}","{'CID': 22525209, 'InChIKey': 'LJVAJPDWBABPEJ-UJTBCPHMSA-N'}","{'CID': 23958736, 'InChIKey': 'LJVAJPDWBABPEJ-HKEYBQESSA-N'}","{'CID': 71296916, 'InChIKey': 'LJVAJPDWBABPEJ-YTBAZVAZSA-N'}","{'CID': 16667730, 'InChIKey': 'LJVAJPDWBABPEJ-OGYJZTRFSA-N'}","{'CID': 118701745, 'InChIKey': 'LJVAJPDWBABPEJ-AHMGRMSPSA-N'}","{'CID': 134695314, 'InChIKey': 'LJVAJPDWBABPEJ-UDJHFMPJSA-N'}","{'CID': 138402871, 'InChIKey': 'LJVAJPDWBABPEJ-WMGYHEQLSA-N'}"
"{'CID': 3002190, 'InChIKey': 'LJVAJPDWBABPEJ-PNUFFHFMSA-N'}","{'CID': 11693521, 'InChIKey': 'LJVAJPDWBABPEJ-XZVSULPPSA-N'}","{'CID': 46783745, 'InChIKey': 'LJVAJPDWBABPEJ-GNAILWMQSA-N'}","{'CID': 21881641, 'InChIKey': 'LJVAJPDWBABPEJ-UHFFFAOYSA-N'}","{'CID': 24847865, 'InChIKey': 'LJVAJPDWBABPEJ-ZHVJIJPXSA-N'}","{'CID': 92043103, 'InChIKey': 'LJVAJPDWBABPEJ-CNYQIRROSA-N'}","{'CID': 5496803, 'InChIKey': 'LJVAJPDWBABPEJ-MMEUOAQYSA-N'}","{'CID': 70789201, 'InChIKey': 'LJVAJPDWBABPEJ-RMNISARHSA-N'}","{'CID': 22525209, 'InChIKey': 'LJVAJPDWBABPEJ-UJTBCPHMSA-N'}","{'CID': 23958736, 'InChIKey': 'LJVAJPDWBABPEJ-HKEYBQESSA-N'}","{'CID': 71296916, 'InChIKey': 'LJVAJPDWBABPEJ-YTBAZVAZSA-N'}","{'CID': 16667730, 'InChIKey': 'LJVAJPDWBABPEJ-OGYJZTRFSA-N'}","{'CID': 118701745, 'InChIKey': 'LJVAJPDWBABPEJ-AHMGRMSPSA-N'}","{'CID': 134695314, 'InChIKey': 'LJVAJPDWBABPEJ-UDJHFMPJSA-N'}","{'CID': 138402871, 'InChIKey': 'LJVAJPDWBABPEJ-WMGYHEQLSA-N'}"
"{'CID': 3002190, 'InChIKey': 'LJVAJPDWBABPEJ-PNUFFHFMSA-N'}","{'CID': 11693521, 'InChIKey': 'LJVAJPDWBABPEJ-XZVSULPPSA-N'}","{'CID': 46783745, 'InChIKey': 'LJVAJPDWBABPEJ-GNAILWMQSA-N'}","{'CID': 21881641, 'InChIKey': 'LJVAJPDWBABPEJ-UHFFFAOYSA-N'}","{'CID': 24847865, 'InChIKey': 'LJVAJPDWBABPEJ-ZHVJIJPXSA-N'}","{'CID': 92043103, 'InChIKey': 'LJVAJPDWBABPEJ-CNYQIRROSA-N'}","{'CID': 5496803, 'InChIKey': 'LJVAJPDWBABPEJ-MMEUOAQYSA-N'}","{'CID': 70789201, 'InChIKey': 'LJVAJPDWBABPEJ-RMNISARHSA-N'}","{'CID': 22525209, 'InChIKey': 'LJVAJPDWBABPEJ-UJTBCPHMSA-N'}","{'CID': 23958736, 'InChIKey': 'LJVAJPDWBABPEJ-HKEYBQESSA-N'}","{'CID': 71296916, 'InChIKey': 'LJVAJPDWBABPEJ-YTBAZVAZSA-N'}","{'CID': 16667730, 'InChIKey': 'LJVAJPDWBABPEJ-OGYJZTRFSA-N'}","{'CID': 118701745, 'InChIKey': 'LJVAJPDWBABPEJ-AHMGRMSPSA-N'}","{'CID': 134695314, 'InChIKey': 'LJVAJPDWBABPEJ-UDJHFMPJSA-N'}","{'CID': 138402871, 'InChIKey': 'LJVAJPDWBABPEJ-WMGYHEQLSA-N'}"
"{'CID': 3002190, 'InChIKey': 'LJVAJPDWBABPEJ-PNUFFHFMSA-N'}","{'CID': 11693521, 'InChIKey': 'LJVAJPDWBABPEJ-XZVSULPPSA-N'}","{'CID': 46783745, 'InChIKey': 'LJVAJPDWBABPEJ-GNAILWMQSA-N'}","{'CID': 21881641, 'InChIKey': 'LJVAJPDWBABPEJ-UHFFFAOYSA-N'}","{'CID': 24847865, 'InChIKey': 'LJVAJPDWBABPEJ-ZHVJIJPXSA-N'}","{'CID': 92043103, 'InChIKey': 'LJVAJPDWBABPEJ-CNYQIRROSA-N'}","{'CID': 5496803, 'InChIKey': 'LJVAJPDWBABPEJ-MMEUOAQYSA-N'}","{'CID': 70789201, 'InChIKey': 'LJVAJPDWBABPEJ-RMNISARHSA-N'}","{'CID': 22525209, 'InChIKey': 'LJVAJPDWBABPEJ-UJTBCPHMSA-N'}","{'CID': 23958736, 'InChIKey': 'LJVAJPDWBABPEJ-HKEYBQESSA-N'}","{'CID': 71296916, 'InChIKey': 'LJVAJPDWBABPEJ-YTBAZVAZSA-N'}","{'CID': 16667730, 'InChIKey': 'LJVAJPDWBABPEJ-OGYJZTRFSA-N'}","{'CID': 118701745, 'InChIKey': 'LJVAJPDWBABPEJ-AHMGRMSPSA-N'}","{'CID': 134695314, 'InChIKey': 'LJVAJPDWBABPEJ-UDJHFMPJSA-N'}","{'CID': 138402871, 'InChIKey': 'LJVAJPDWBABPEJ-WMGYHEQLSA-N'}"
"{'CID': 3002190, 'InChIKey': 'LJVAJPDWBABPEJ-PNUFFHFMSA-N'}","{'CID': 11693521, 'InChIKey': 'LJVAJPDWBABPEJ-XZVSULPPSA-N'}","{'CID': 46783745, 'InChIKey': 'LJVAJPDWBABPEJ-GNAILWMQSA-N'}","{'CID': 21881641, 'InChIKey': 'LJVAJPDWBABPEJ-UHFFFAOYSA-N'}","{'CID': 24847865, 'InChIKey': 'LJVAJPDWBABPEJ-ZHVJIJPXSA-N'}","{'CID': 92043103, 'InChIKey': 'LJVAJPDWBABPEJ-CNYQIRROSA-N'}","{'CID': 5496803, 'InChIKey': 'LJVAJPDWBABPEJ-MMEUOAQYSA-N'}","{'CID': 70789201, 'InChIKey': 'LJVAJPDWBABPEJ-RMNISARHSA-N'}","{'CID': 22525209, 'InChIKey': 'LJVAJPDWBABPEJ-UJTBCPHMSA-N'}","{'CID': 23958736, 'InChIKey': 'LJVAJPDWBABPEJ-HKEYBQESSA-N'}","{'CID': 71296916, 'InChIKey': 'LJVAJPDWBABPEJ-YTBAZVAZSA-N'}","{'CID': 16667730, 'InChIKey': 'LJVAJPDWBABPEJ-OGYJZTRFSA-N'}","{'CID': 118701745, 'InChIKey': 'LJVAJPDWBABPEJ-AHMGRMSPSA-N'}","{'CID': 134695314, 'InChIKey': 'LJVAJPDWBABPEJ-UDJHFMPJSA-N'}","{'CID': 138402871, 'InChIKey': 'LJVAJPDWBABPEJ-WMGYHEQLSA-N'}"
"{'CID': 3002190, 'InChIKey': 'LJVAJPDWBABPEJ-PNUFFHFMSA-N'}","{'CID': 11693521, 'InChIKey': 'LJVAJPDWBABPEJ-XZVSULPPSA-N'}","{'CID': 46783745, 'InChIKey': 'LJVAJPDWBABPEJ-GNAILWMQSA-N'}","{'CID': 21881641, 'InChIKey': 'LJVAJPDWBABPEJ-UHFFFAOYSA-N'}","{'CID': 24847865, 'InChIKey': 'LJVAJPDWBABPEJ-ZHVJIJPXSA-N'}","{'CID': 92043103, 'InChIKey': 'LJVAJPDWBABPEJ-CNYQIRROSA-N'}","{'CID': 5496803, 'InChIKey': 'LJVAJPDWBABPEJ-MMEUOAQYSA-N'}","{'CID': 70789201, 'InChIKey': 'LJVAJPDWBABPEJ-RMNISARHSA-N'}","{'CID': 22525209, 'InChIKey': 'LJVAJPDWBABPEJ-UJTBCPHMSA-N'}","{'CID': 23958736, 'InChIKey': 'LJVAJPDWBABPEJ-HKEYBQESSA-N'}","{'CID': 71296916, 'InChIKey': 'LJVAJPDWBABPEJ-YTBAZVAZSA-N'}","{'CID': 16667730, 'InChIKey': 'LJVAJPDWBABPEJ-OGYJZTRFSA-N'}","{'CID': 118701745, 'InChIKey': 'LJVAJPDWBABPEJ-AHMGRMSPSA-N'}","{'CID': 134695314, 'InChIKey': 'LJVAJPDWBABPEJ-UDJHFMPJSA-N'}","{'CID': 138402871, 'InChIKey': 'LJVAJPDWBABPEJ-WMGYHEQLSA-N'}"
"{'CID': 3002190, 'InChIKey': 'LJVAJPDWBABPEJ-PNUFFHFMSA-N'}","{'CID': 11693521, 'InChIKey': 'LJVAJPDWBABPEJ-XZVSULPPSA-N'}","{'CID': 46783745, 'InChIKey': 'LJVAJPDWBABPEJ-GNAILWMQSA-N'}","{'CID': 21881641, 'InChIKey': 'LJVAJPDWBABPEJ-UHFFFAOYSA-N'}","{'CID': 24847865, 'InChIKey': 'LJVAJPDWBABPEJ-ZHVJIJPXSA-N'}","{'CID': 92043103, 'InChIKey': 'LJVAJPDWBABPEJ-CNYQIRROSA-N'}","{'CID': 5496803, 'InChIKey': 'LJVAJPDWBABPEJ-MMEUOAQYSA-N'}","{'CID': 70789201, 'InChIKey': 'LJVAJPDWBABPEJ-RMNISARHSA-N'}","{'CID': 22525209, 'InChIKey': 'LJVAJPDWBABPEJ-UJTBCPHMSA-N'}","{'CID': 23958736, 'InChIKey': 'LJVAJPDWBABPEJ-HKEYBQESSA-N'}","{'CID': 71296916, 'InChIKey': 'LJVAJPDWBABPEJ-YTBAZVAZSA-N'}","{'CID': 16667730, 'InChIKey': 'LJVAJPDWBABPEJ-OGYJZTRFSA-N'}","{'CID': 118701745, 'InChIKey': 'LJVAJPDWBABPEJ-AHMGRMSPSA-N'}","{'CID': 134695314, 'InChIKey': 'LJVAJPDWBABPEJ-UDJHFMPJSA-N'}","{'CID': 138402871, 'InChIKey': 'LJVAJPDWBABPEJ-WMGYHEQLSA-N'}"
"{'CID': 3002190, 'InChIKey': 'LJVAJPDWBABPEJ-PNUFFHFMSA-N'}","{'CID': 11693521, 'InChIKey': 'LJVAJPDWBABPEJ-XZVSULPPSA-N'}","{'CID': 46783745, 'InChIKey': 'LJVAJPDWBABPEJ-GNAILWMQSA-N'}","{'CID': 21881641, 'InChIKey': 'LJVAJPDWBABPEJ-UHFFFAOYSA-N'}","{'CID': 24847865, 'InChIKey': 'LJVAJPDWBABPEJ-ZHVJIJPXSA-N'}","{'CID': 92043103, 'InChIKey': 'LJVAJPDWBABPEJ-CNYQIRROSA-N'}","{'CID': 5496803, 'InChIKey': 'LJVAJPDWBABPEJ-MMEUOAQYSA-N'}","{'CID': 70789201, 'InChIKey': 'LJVAJPDWBABPEJ-RMNISARHSA-N'}","{'CID': 22525209, 'InChIKey': 'LJVAJPDWBABPEJ-UJTBCPHMSA-N'}","{'CID': 23958736, 'InChIKey': 'LJVAJPDWBABPEJ-HKEYBQESSA-N'}","{'CID': 71296916, 'InChIKey': 'LJVAJPDWBABPEJ-YTBAZVAZSA-N'}","{'CID': 16667730, 'InChIKey': 'LJVAJPDWBABPEJ-OGYJZTRFSA-N'}","{'CID': 118701745, 'InChIKey': 'LJVAJPDWBABPEJ-AHMGRMSPSA-N'}","{'CID': 134695314, 'InChIKey': 'LJVAJPDWBABPEJ-UDJHFMPJSA-N'}","{'CID': 138402871, 'InChIKey': 'LJVAJPDWBABPEJ-WMGYHEQLSA-N'}"
"{'CID': 3002190, 'InChIKey': 'LJVAJPDWBABPEJ-PNUFFHFMSA-N'}","{'CID': 11693521, 'InChIKey': 'LJVAJPDWBABPEJ-XZVSULPPSA-N'}","{'CID': 46783745, 'InChIKey': 'LJVAJPDWBABPEJ-GNAILWMQSA-N'}","{'CID': 21881641, 'InChIKey': 'LJVAJPDWBABPEJ-UHFFFAOYSA-N'}","{'CID': 24847865, 'InChIKey': 'LJVAJPDWBABPEJ-ZHVJIJPXSA-N'}","{'CID': 92043103, 'InChIKey': 'LJVAJPDWBABPEJ-CNYQIRROSA-N'}","{'CID': 5496803, 'InChIKey': 'LJVAJPDWBABPEJ-MMEUOAQYSA-N'}","{'CID': 70789201, 'InChIKey': 'LJVAJPDWBABPEJ-RMNISARHSA-N'}","{'CID': 22525209, 'InChIKey': 'LJVAJPDWBABPEJ-UJTBCPHMSA-N'}","{'CID': 23958736, 'InChIKey': 'LJVAJPDWBABPEJ-HKEYBQESSA-N'}","{'CID': 71296916, 'InChIKey': 'LJVAJPDWBABPEJ-YTBAZVAZSA-N'}","{'CID': 16667730, 'InChIKey': 'LJVAJPDWBABPEJ-OGYJZTRFSA-N'}","{'CID': 118701745, 'InChIKey': 'LJVAJPDWBABPEJ-AHMGRMSPSA-N'}","{'CID': 134695314, 'InChIKey': 'LJVAJPDWBABPEJ-UDJHFMPJSA-N'}","{'CID': 138402871, 'InChIKey': 'LJVAJPDWBABPEJ-WMGYHEQLSA-N'}"
"{'CID': 3002190, 'InChIKey': 'LJVAJPDWBABPEJ-PNUFFHFMSA-N'}","{'CID': 11693521, 'InChIKey': 'LJVAJPDWBABPEJ-XZVSULPPSA-N'}","{'CID': 46783745, 'InChIKey': 'LJVAJPDWBABPEJ-GNAILWMQSA-N'}","{'CID': 21881641, 'InChIKey': 'LJVAJPDWBABPEJ-UHFFFAOYSA-N'}","{'CID': 24847865, 'InChIKey': 'LJVAJPDWBABPEJ-ZHVJIJPXSA-N'}","{'CID': 92043103, 'InChIKey': 'LJVAJPDWBABPEJ-CNYQIRROSA-N'}","{'CID': 5496803, 'InChIKey': 'LJVAJPDWBABPEJ-MMEUOAQYSA-N'}","{'CID': 70789201, 'InChIKey': 'LJVAJPDWBABPEJ-RMNISARHSA-N'}","{'CID': 22525209, 'InChIKey': 'LJVAJPDWBABPEJ-UJTBCPHMSA-N'}","{'CID': 23958736, 'InChIKey': 'LJVAJPDWBABPEJ-HKEYBQESSA-N'}","{'CID': 71296916, 'InChIKey': 'LJVAJPDWBABPEJ-YTBAZVAZSA-N'}","{'CID': 16667730, 'InChIKey': 'LJVAJPDWBABPEJ-OGYJZTRFSA-N'}","{'CID': 118701745, 'InChIKey': 'LJVAJPDWBABPEJ-AHMGRMSPSA-N'}","{'CID': 134695314, 'InChIKey': 'LJVAJPDWBABPEJ-UDJHFMPJSA-N'}","{'CID': 138402871, 'InChIKey': 'LJVAJPDWBABPEJ-WMGYHEQLSA-N'}"
"{'CID': 3002190, 'InChIKey': 'LJVAJPDWBABPEJ-PNUFFHFMSA-N'}","{'CID': 11693521, 'InChIKey': 'LJVAJPDWBABPEJ-XZVSULPPSA-N'}","{'CID': 46783745, 'InChIKey': 'LJVAJPDWBABPEJ-GNAILWMQSA-N'}","{'CID': 21881641, 'InChIKey': 'LJVAJPDWBABPEJ-UHFFFAOYSA-N'}","{'CID': 24847865, 'InChIKey': 'LJVAJPDWBABPEJ-ZHVJIJPXSA-N'}","{'CID': 92043103, 'InChIKey': 'LJVAJPDWBABPEJ-CNYQIRROSA-N'}","{'CID': 5496803, 'InChIKey': 'LJVAJPDWBABPEJ-MMEUOAQYSA-N'}","{'CID': 70789201, 'InChIKey': 'LJVAJPDWBABPEJ-RMNISARHSA-N'}","{'CID': 22525209, 'InChIKey': 'LJVAJPDWBABPEJ-UJTBCPHMSA-N'}","{'CID': 23958736, 'InChIKey': 'LJVAJPDWBABPEJ-HKEYBQESSA-N'}","{'CID': 71296916, 'InChIKey': 'LJVAJPDWBABPEJ-YTBAZVAZSA-N'}","{'CID': 16667730, 'InChIKey': 'LJVAJPDWBABPEJ-OGYJZTRFSA-N'}","{'CID': 118701745, 'InChIKey': 'LJVAJPDWBABPEJ-AHMGRMSPSA-N'}","{'CID': 134695314, 'InChIKey': 'LJVAJPDWBABPEJ-UDJHFMPJSA-N'}","{'CID': 138402871, 'InChIKey': 'LJVAJPDWBABPEJ-WMGYHEQLSA-N'}"
"{'CID': 3002190, 'InChIKey': 'LJVAJPDWBABPEJ-PNUFFHFMSA-N'}","{'CID': 11693521, 'InChIKey': 'LJVAJPDWBABPEJ-XZVSULPPSA-N'}","{'CID': 46783745, 'InChIKey': 'LJVAJPDWBABPEJ-GNAILWMQSA-N'}","{'CID': 21881641, 'InChIKey': 'LJVAJPDWBABPEJ-UHFFFAOYSA-N'}","{'CID': 24847865, 'InChIKey': 'LJVAJPDWBABPEJ-ZHVJIJPXSA-N'}","{'CID': 92043103, 'InChIKey': 'LJVAJPDWBABPEJ-CNYQIRROSA-N'}","{'CID': 5496803, 'InChIKey': 'LJVAJPDWBABPEJ-MMEUOAQYSA-N'}","{'CID': 70789201, 'InChIKey': 'LJVAJPDWBABPEJ-RMNISARHSA-N'}","{'CID': 22525209, 'InChIKey': 'LJVAJPDWBABPEJ-UJTBCPHMSA-N'}","{'CID': 23958736, 'InChIKey': 'LJVAJPDWBABPEJ-HKEYBQESSA-N'}","{'CID': 71296916, 'InChIKey': 'LJVAJPDWBABPEJ-YTBAZVAZSA-N'}","{'CID': 16667730, 'InChIKey': 'LJVAJPDWBABPEJ-OGYJZTRFSA-N'}","{'CID': 118701745, 'InChIKey': 'LJVAJPDWBABPEJ-AHMGRMSPSA-N'}","{'CID': 134695314, 'InChIKey': 'LJVAJPDWBABPEJ-UDJHFMPJSA-N'}","{'CID': 138402871, 'InChIKey': 'LJVAJPDWBABPEJ-WMGYHEQLSA-N'}"
"{'CID': 3002190, 'InChIKey': 'LJVAJPDWBABPEJ-PNUFFHFMSA-N'}","{'CID': 11693521, 'InChIKey': 'LJVAJPDWBABPEJ-XZVSULPPSA-N'}","{'CID': 46783745, 'InChIKey': 'LJVAJPDWBABPEJ-GNAILWMQSA-N'}","{'CID': 21881641, 'InChIKey': 'LJVAJPDWBABPEJ-UHFFFAOYSA-N'}","{'CID': 24847865, 'InChIKey': 'LJVAJPDWBABPEJ-ZHVJIJPXSA-N'}","{'CID': 92043103, 'InChIKey': 'LJVAJPDWBABPEJ-CNYQIRROSA-N'}","{'CID': 5496803, 'InChIKey': 'LJVAJPDWBABPEJ-MMEUOAQYSA-N'}","{'CID': 70789201, 'InChIKey': 'LJVAJPDWBABPEJ-RMNISARHSA-N'}","{'CID': 22525209, 'InChIKey': 'LJVAJPDWBABPEJ-UJTBCPHMSA-N'}","{'CID': 23958736, 'InChIKey': 'LJVAJPDWBABPEJ-HKEYBQESSA-N'}","{'CID': 71296916, 'InChIKey': 'LJVAJPDWBABPEJ-YTBAZVAZSA-N'}","{'CID': 16667730, 'InChIKey': 'LJVAJPDWBABPEJ-OGYJZTRFSA-N'}","{'CID': 118701745, 'InChIKey': 'LJVAJPDWBABPEJ-AHMGRMSPSA-N'}","{'CID': 134695314, 'InChIKey': 'LJVAJPDWBABPEJ-UDJHFMPJSA-N'}","{'CID': 138402871, 'InChIKey': 'LJVAJPDWBABPEJ-WMGYHEQLSA-N'}"
"{'CID': 77992, 'InChIKey': 'XPSQPHWEGNHMSK-SECBINFHSA-N'}"
"{'CID': 387447, 'InChIKey': 'GXJABQQUPOEUTA-RDJZCZTQSA-N'}"
"{'CID': 107994, 'InChIKey': 'FLSLEGPOVLMJMN-YSSFQJQWSA-N'}"
"{'CID': 135400189, 'InChIKey': 'SECKRCOLJRRGGV-UHFFFAOYSA-N'}"
"{'CID': 115237, 'InChIKey': 'PMXMIIMHBWHSKN-UHFFFAOYSA-N'}"
"{'CID': 119607, 'InChIKey': 'LNPDTQAFDNKSHK-UHFFFAOYSA-N'}"
"{'CID': 123631, 'InChIKey': 'XGALLCVXEZPNRQ-UHFFFAOYSA-N'}"
"{'CID': 124087, 'InChIKey': 'JAUOIFJMECXRGI-UHFFFAOYSA-N'}"
"{'CID': 5486971, 'InChIKey': 'AYXYPKUFHZROOJ-ZETCQYMHSA-N'}"
"{'CID': 5464097, 'InChIKey': 'AHYHTSYNOHNUSH-HXFGRODQSA-N'}"
"{'CID': 132999, 'InChIKey': 'ACRHBAYQBXXRTO-OAQYLSRUSA-N'}"
"{'CID': 134018, 'InChIKey': 'BQSJTQLCZDPROO-UHFFFAOYSA-N'}"
"{'CID': 134019, 'InChIKey': 'PEZPMAYDXJQYRV-UHFFFAOYSA-N'}"
"{'CID': 468595, 'InChIKey': 'RAGOYPUPXAKGKH-XAKZXMRKSA-N'}"
"{'CID': 148192, 'InChIKey': 'AXRYRYVKAWYZBR-GASGPIRDSA-N'}"
"{'CID': 6337614, 'InChIKey': 'CPZBLNMUGSZIPR-NVXWUHKLSA-N'}"
"{'CID': 443872, 'InChIKey': 'JUKPWJGBANNWMW-VWBFHTRKSA-N'}"
"{'CID': 154059, 'InChIKey': 'FBOUYBDGKBSUES-VXKWHMMOSA-N'}"
"{'CID': 3036780, 'InChIKey': 'VSWBSWWIRNCQIJ-GJZGRUSLSA-N'}","{'CID': 163091, 'InChIKey': 'VSWBSWWIRNCQIJ-HUUCEWRRSA-N'}","{'CID': 9903970, 'InChIKey': 'VSWBSWWIRNCQIJ-UHFFFAOYSA-N'}"
"{'CID': 3036780, 'InChIKey': 'VSWBSWWIRNCQIJ-GJZGRUSLSA-N'}","{'CID': 163091, 'InChIKey': 'VSWBSWWIRNCQIJ-HUUCEWRRSA-N'}","{'CID': 9903970, 'InChIKey': 'VSWBSWWIRNCQIJ-UHFFFAOYSA-N'}"
"{'CID': 3036780, 'InChIKey': 'VSWBSWWIRNCQIJ-GJZGRUSLSA-N'}","{'CID': 163091, 'InChIKey': 'VSWBSWWIRNCQIJ-HUUCEWRRSA-N'}","{'CID': 9903970, 'InChIKey': 'VSWBSWWIRNCQIJ-UHFFFAOYSA-N'}"
"{'CID': 166548, 'InChIKey': 'JHVAMHSQVVQIOT-MFAJLEFUSA-N'}"
"{'CID': 170361, 'InChIKey': 'JQSHBVHOMNKWFT-UHFFFAOYSA-N'}","{'CID': 5310966, 'InChIKey': 'JQSHBVHOMNKWFT-DTORHVGOSA-N'}","{'CID': 53315056, 'InChIKey': 'JQSHBVHOMNKWFT-IUCAKERBSA-N'}"
"{'CID': 170361, 'InChIKey': 'JQSHBVHOMNKWFT-UHFFFAOYSA-N'}","{'CID': 5310966, 'InChIKey': 'JQSHBVHOMNKWFT-DTORHVGOSA-N'}","{'CID': 53315056, 'InChIKey': 'JQSHBVHOMNKWFT-IUCAKERBSA-N'}"
"{'CID': 170361, 'InChIKey': 'JQSHBVHOMNKWFT-UHFFFAOYSA-N'}","{'CID': 5310966, 'InChIKey': 'JQSHBVHOMNKWFT-DTORHVGOSA-N'}","{'CID': 53315056, 'InChIKey': 'JQSHBVHOMNKWFT-IUCAKERBSA-N'}"
"{'CID': 18177388, 'InChIKey': 'MXZROTBGJUUXID-UHFFFAOYSA-K'}","{'CID': 56840960, 'InChIKey': 'MXZROTBGJUUXID-UHFFFAOYSA-K'}","{'CID': 131704172, 'InChIKey': 'MXZROTBGJUUXID-UHFFFAOYSA-K'}"
"{'CID': 18177388, 'InChIKey': 'MXZROTBGJUUXID-UHFFFAOYSA-K'}","{'CID': 56840960, 'InChIKey': 'MXZROTBGJUUXID-UHFFFAOYSA-K'}","{'CID': 131704172, 'InChIKey': 'MXZROTBGJUUXID-UHFFFAOYSA-K'}"
"{'CID': 18177388, 'InChIKey': 'MXZROTBGJUUXID-UHFFFAOYSA-K'}","{'CID': 56840960, 'InChIKey': 'MXZROTBGJUUXID-UHFFFAOYSA-K'}","{'CID': 131704172, 'InChIKey': 'MXZROTBGJUUXID-UHFFFAOYSA-K'}"
"{'CID': 208908, 'InChIKey': 'BCFGMOOMADDAQU-UHFFFAOYSA-N'}"
"{'CID': 213039, 'InChIKey': 'CJBJHOAVZSMMDJ-HEXNFIEUSA-N'}"
"{'CID': 213046, 'InChIKey': 'PQXKDMSYBGKCJA-CVTJIBDQSA-N'}"
"{'CID': 216235, 'InChIKey': 'PHWXUGHIIBDVKD-UHFFFAOYSA-N'}"
"{'CID': 216326, 'InChIKey': 'GOTYRUGSSMKFNF-UHFFFAOYSA-N'}"
"{'CID': 219024, 'InChIKey': 'LZPZPHGJDAGEJZ-AKAIJSEGSA-N'}"
"{'CID': 444013, 'InChIKey': 'HBEAOBRDTOXWRZ-UHFFFAOYSA-K'}","{'CID': 6435809, 'InChIKey': 'HBEAOBRDTOXWRZ-UHFFFAOYSA-K'}","{'CID': 90469695, 'InChIKey': 'OKVNYJNFJCLPRF-UHFFFAOYSA-N'}","{'CID': 23581832, 'InChIKey': 'DRKHJSDSSUXYTE-UHFFFAOYSA-L'}"
"{'CID': 444013, 'InChIKey': 'HBEAOBRDTOXWRZ-UHFFFAOYSA-K'}","{'CID': 6435809, 'InChIKey': 'HBEAOBRDTOXWRZ-UHFFFAOYSA-K'}","{'CID': 90469695, 'InChIKey': 'OKVNYJNFJCLPRF-UHFFFAOYSA-N'}","{'CID': 23581832, 'InChIKey': 'DRKHJSDSSUXYTE-UHFFFAOYSA-L'}"
"{'CID': 444013, 'InChIKey': 'HBEAOBRDTOXWRZ-UHFFFAOYSA-K'}","{'CID': 6435809, 'InChIKey': 'HBEAOBRDTOXWRZ-UHFFFAOYSA-K'}","{'CID': 90469695, 'InChIKey': 'OKVNYJNFJCLPRF-UHFFFAOYSA-N'}","{'CID': 23581832, 'InChIKey': 'DRKHJSDSSUXYTE-UHFFFAOYSA-L'}"
"{'CID': 444013, 'InChIKey': 'HBEAOBRDTOXWRZ-UHFFFAOYSA-K'}","{'CID': 6435809, 'InChIKey': 'HBEAOBRDTOXWRZ-UHFFFAOYSA-K'}","{'CID': 90469695, 'InChIKey': 'OKVNYJNFJCLPRF-UHFFFAOYSA-N'}","{'CID': 23581832, 'InChIKey': 'DRKHJSDSSUXYTE-UHFFFAOYSA-L'}"
"{'CID': 644241, 'InChIKey': 'HHZIURLSWUIHRB-UHFFFAOYSA-N'}"
"{'CID': 5388906, 'InChIKey': 'QUIJNHUBAXPXFS-XLJNKUFUSA-N'}"
"{'CID': 3062316, 'InChIKey': 'ZBNZXTGUTAYRHI-UHFFFAOYSA-N'}"
"{'CID': 3081361, 'InChIKey': 'UHTHHESEBZOYNR-UHFFFAOYSA-N'}"
"{'CID': 3081362, 'InChIKey': 'ONUMZHGUFYIKPM-MXNFEBESSA-N'}"
"{'CID': 5329102, 'InChIKey': 'WINHZLLDWRZWRT-ATVHPVEESA-N'}"
"{'CID': 5328940, 'InChIKey': 'UBPYILGKFZZVDX-UHFFFAOYSA-N'}"
"{'CID': 6445540, 'InChIKey': 'FABUFPQFXZVHFB-PVYNADRNSA-N'}"
"{'CID': 6480466, 'InChIKey': 'XDAOLTSRNUSPPH-XMMPIXPASA-N'}"
"{'CID': 6918585, 'InChIKey': 'WHRODDIHRRDWEW-VTHZAVIASA-N'}","{'CID': 74030550, 'InChIKey': 'WHRODDIHRRDWEW-UHFFFAOYSA-N'}","{'CID': 146050491, 'InChIKey': 'WHRODDIHRRDWEW-JWSVSQEBSA-N'}","{'CID': 122706000, 'InChIKey': 'WHRODDIHRRDWEW-XJHAQRMRSA-N'}","{'CID': 70693550, 'InChIKey': 'WHRODDIHRRDWEW-ZWYCLXBASA-N'}","{'CID': 155903755, 'InChIKey': 'WHRODDIHRRDWEW-WXUQZJQRSA-N'}"
"{'CID': 6918585, 'InChIKey': 'WHRODDIHRRDWEW-VTHZAVIASA-N'}","{'CID': 74030550, 'InChIKey': 'WHRODDIHRRDWEW-UHFFFAOYSA-N'}","{'CID': 146050491, 'InChIKey': 'WHRODDIHRRDWEW-JWSVSQEBSA-N'}","{'CID': 122706000, 'InChIKey': 'WHRODDIHRRDWEW-XJHAQRMRSA-N'}","{'CID': 70693550, 'InChIKey': 'WHRODDIHRRDWEW-ZWYCLXBASA-N'}","{'CID': 155903755, 'InChIKey': 'WHRODDIHRRDWEW-WXUQZJQRSA-N'}"
"{'CID': 6918585, 'InChIKey': 'WHRODDIHRRDWEW-VTHZAVIASA-N'}","{'CID': 74030550, 'InChIKey': 'WHRODDIHRRDWEW-UHFFFAOYSA-N'}","{'CID': 146050491, 'InChIKey': 'WHRODDIHRRDWEW-JWSVSQEBSA-N'}","{'CID': 122706000, 'InChIKey': 'WHRODDIHRRDWEW-XJHAQRMRSA-N'}","{'CID': 70693550, 'InChIKey': 'WHRODDIHRRDWEW-ZWYCLXBASA-N'}","{'CID': 155903755, 'InChIKey': 'WHRODDIHRRDWEW-WXUQZJQRSA-N'}"
"{'CID': 6918585, 'InChIKey': 'WHRODDIHRRDWEW-VTHZAVIASA-N'}","{'CID': 74030550, 'InChIKey': 'WHRODDIHRRDWEW-UHFFFAOYSA-N'}","{'CID': 146050491, 'InChIKey': 'WHRODDIHRRDWEW-JWSVSQEBSA-N'}","{'CID': 122706000, 'InChIKey': 'WHRODDIHRRDWEW-XJHAQRMRSA-N'}","{'CID': 70693550, 'InChIKey': 'WHRODDIHRRDWEW-ZWYCLXBASA-N'}","{'CID': 155903755, 'InChIKey': 'WHRODDIHRRDWEW-WXUQZJQRSA-N'}"
"{'CID': 6918585, 'InChIKey': 'WHRODDIHRRDWEW-VTHZAVIASA-N'}","{'CID': 74030550, 'InChIKey': 'WHRODDIHRRDWEW-UHFFFAOYSA-N'}","{'CID': 146050491, 'InChIKey': 'WHRODDIHRRDWEW-JWSVSQEBSA-N'}","{'CID': 122706000, 'InChIKey': 'WHRODDIHRRDWEW-XJHAQRMRSA-N'}","{'CID': 70693550, 'InChIKey': 'WHRODDIHRRDWEW-ZWYCLXBASA-N'}","{'CID': 155903755, 'InChIKey': 'WHRODDIHRRDWEW-WXUQZJQRSA-N'}"
"{'CID': 6918585, 'InChIKey': 'WHRODDIHRRDWEW-VTHZAVIASA-N'}","{'CID': 74030550, 'InChIKey': 'WHRODDIHRRDWEW-UHFFFAOYSA-N'}","{'CID': 146050491, 'InChIKey': 'WHRODDIHRRDWEW-JWSVSQEBSA-N'}","{'CID': 122706000, 'InChIKey': 'WHRODDIHRRDWEW-XJHAQRMRSA-N'}","{'CID': 70693550, 'InChIKey': 'WHRODDIHRRDWEW-ZWYCLXBASA-N'}","{'CID': 155903755, 'InChIKey': 'WHRODDIHRRDWEW-WXUQZJQRSA-N'}"
"{'CID': 6918638, 'InChIKey': 'NCNRHFGMJRPRSK-MDZDMXLPSA-N'}"
"{'CID': 9869929, 'InChIKey': 'WEAJZXNPAWBCOA-INIZCTEOSA-N'}"
"{'CID': 9930049, 'InChIKey': 'VBHQKCBVWWUUKN-KZNAEPCWSA-N'}"
"{'CID': 9941444, 'InChIKey': 'VMZMNAABQBOLAK-DBILLSOUSA-N'}","{'CID': 70788982, 'InChIKey': 'NEEFMPSSNFRRNC-HQUONIRXSA-N'}"
"{'CID': 9941444, 'InChIKey': 'VMZMNAABQBOLAK-DBILLSOUSA-N'}","{'CID': 70788982, 'InChIKey': 'NEEFMPSSNFRRNC-HQUONIRXSA-N'}"
"{'CID': 10113978, 'InChIKey': 'CUIHSIWYWATEQL-UHFFFAOYSA-N'}"
"{'CID': 135398745, 'InChIKey': 'KVWDHTXUZHCGIO-UHFFFAOYSA-N'}"
"{'CID': 11626560, 'InChIKey': 'KTEIFNKAUNYNJU-GFCCVEGCSA-N'}"
"{'CID': 11597698, 'InChIKey': 'VOBHXZCDAVEXEY-JSGCOSHPSA-N'}"
"{'CID': 73415770, 'InChIKey': 'ZSDLYSDDELEVDD-UFTMZEDQSA-K'}","{'CID': 129628282, 'InChIKey': 'JEGBCCMXNJGYLP-SSMZTGFVSA-K'}","{'CID': 165363547, 'InChIKey': 'ZEWLXJLJALVUNK-FBHGDYMESA-K'}"
"{'CID': 73415770, 'InChIKey': 'ZSDLYSDDELEVDD-UFTMZEDQSA-K'}","{'CID': 129628282, 'InChIKey': 'JEGBCCMXNJGYLP-SSMZTGFVSA-K'}","{'CID': 165363547, 'InChIKey': 'ZEWLXJLJALVUNK-FBHGDYMESA-K'}"
"{'CID': 73415770, 'InChIKey': 'ZSDLYSDDELEVDD-UFTMZEDQSA-K'}","{'CID': 129628282, 'InChIKey': 'JEGBCCMXNJGYLP-SSMZTGFVSA-K'}","{'CID': 165363547, 'InChIKey': 'ZEWLXJLJALVUNK-FBHGDYMESA-K'}"
"{'CID': 11707110, 'InChIKey': 'LIRYPHYGHXZJBZ-UHFFFAOYSA-N'}"
"{'CID': 16135415, 'InChIKey': 'BPKIMPVREBSLAJ-QTBYCLKRSA-N'}"
"{'CID': 16131098, 'InChIKey': 'NOESYZHRGYRDHS-ZYCCASTOSA-N'}"
"{'CID': 42611257, 'InChIKey': 'GPXBXXGIAQBQNI-UHFFFAOYSA-N'}"
"{'CID': 44462760, 'InChIKey': 'BFSMGDJOXZAERB-UHFFFAOYSA-N'}"
"{'CID': 70788982, 'InChIKey': 'NEEFMPSSNFRRNC-HQUONIRXSA-N'}"
"{'CID': 54686904, 'InChIKey': 'SOVUOXKZCCAWOJ-HJYUBDRYSA-N'}"
"{'CID': 149096, 'InChIKey': 'GSDSWSVVBLHKDQ-JTQLQIEISA-N'}"
"{'CID': 11125, 'InChIKey': 'XGZVUEUWXADBQD-UHFFFAOYSA-L'}"
"{'CID': 3658, 'InChIKey': 'ZQDWXGKKHFNSQK-UHFFFAOYSA-N'}"
"{'CID': 3034034, 'InChIKey': 'LOUPRKONTZGTKE-WZBLMQSHSA-N'}"
"{'CID': 146570, 'InChIKey': 'WSEQXVZVJXJVFP-FQEVSTJZSA-N'}"
"{'CID': 3385, 'InChIKey': 'GHASVSINZRGABV-UHFFFAOYSA-N'}"
"{'CID': 5311068, 'InChIKey': 'CUHVIMMYOGQXCV-NSHDSACASA-N'}"
"{'CID': 123600, 'InChIKey': 'NDAUXUAQIAJITI-LBPRGKRZSA-N'}"
"{'CID': 3955, 'InChIKey': 'RDOIQAHITMMDAJ-UHFFFAOYSA-N'}"
"{'CID': 104741, 'InChIKey': 'VWUXBMIQPBEWFH-WCCTWKNTSA-N'}"
"{'CID': 451668, 'InChIKey': 'XAUDJQYHKZQPEU-KVQBGUIXSA-N'}"
"{'CID': 5826, 'InChIKey': 'KWTSXDURSIMDCE-QMMMGPOBSA-N'}"
"{'CID': 108150, 'InChIKey': 'PKVRCIRHQMSYJX-AIFWHQITSA-N'}"
"{'CID': 2478, 'InChIKey': 'COVZYZSDYWQREU-UHFFFAOYSA-N'}"
"{'CID': 456199, 'InChIKey': 'ZLHZLMOSPGACSZ-NSHDSACASA-N'}"
"{'CID': 14888, 'InChIKey': 'QTLQKAJBUDWPIB-UHFFFAOYSA-N'}"
"{'CID': 9854073, 'InChIKey': 'BMQGVNUXMIRLCK-OAGWZNDDSA-N'}"
"{'CID': 30323, 'InChIKey': 'STQGQHZAVUOBTE-VGBVRHCVSA-N'}"
"{'CID': 3415, 'InChIKey': 'ZJAOAACCNHFJAH-UHFFFAOYSA-N'}"
"{'CID': 3083544, 'InChIKey': 'BPZSYCZIITTYBL-YJYMSZOUSA-N'}"
"{'CID': 25166913, 'InChIKey': 'SFNSLLSYNZWZQG-VQIMIIECSA-N'}"
"{'CID': 9941444, 'InChIKey': 'VMZMNAABQBOLAK-DBILLSOUSA-N'}","{'CID': 56841596, 'InChIKey': 'VMZMNAABQBOLAK-UHFFFAOYSA-N'}","{'CID': 145705877, 'InChIKey': 'VMZMNAABQBOLAK-OJBKHUNISA-N'}","{'CID': 73348210, 'InChIKey': 'VMZMNAABQBOLAK-IXZCVAHUSA-N'}","{'CID': 121445904, 'InChIKey': 'VMZMNAABQBOLAK-UHTANWJSSA-N'}","{'CID': 165363357, 'InChIKey': 'VMZMNAABQBOLAK-NXVDMUQISA-N'}"
"{'CID': 9941444, 'InChIKey': 'VMZMNAABQBOLAK-DBILLSOUSA-N'}","{'CID': 56841596, 'InChIKey': 'VMZMNAABQBOLAK-UHFFFAOYSA-N'}","{'CID': 145705877, 'InChIKey': 'VMZMNAABQBOLAK-OJBKHUNISA-N'}","{'CID': 73348210, 'InChIKey': 'VMZMNAABQBOLAK-IXZCVAHUSA-N'}","{'CID': 121445904, 'InChIKey': 'VMZMNAABQBOLAK-UHTANWJSSA-N'}","{'CID': 165363357, 'InChIKey': 'VMZMNAABQBOLAK-NXVDMUQISA-N'}"
"{'CID': 9941444, 'InChIKey': 'VMZMNAABQBOLAK-DBILLSOUSA-N'}","{'CID': 56841596, 'InChIKey': 'VMZMNAABQBOLAK-UHFFFAOYSA-N'}","{'CID': 145705877, 'InChIKey': 'VMZMNAABQBOLAK-OJBKHUNISA-N'}","{'CID': 73348210, 'InChIKey': 'VMZMNAABQBOLAK-IXZCVAHUSA-N'}","{'CID': 121445904, 'InChIKey': 'VMZMNAABQBOLAK-UHTANWJSSA-N'}","{'CID': 165363357, 'InChIKey': 'VMZMNAABQBOLAK-NXVDMUQISA-N'}"
"{'CID': 9941444, 'InChIKey': 'VMZMNAABQBOLAK-DBILLSOUSA-N'}","{'CID': 56841596, 'InChIKey': 'VMZMNAABQBOLAK-UHFFFAOYSA-N'}","{'CID': 145705877, 'InChIKey': 'VMZMNAABQBOLAK-OJBKHUNISA-N'}","{'CID': 73348210, 'InChIKey': 'VMZMNAABQBOLAK-IXZCVAHUSA-N'}","{'CID': 121445904, 'InChIKey': 'VMZMNAABQBOLAK-UHTANWJSSA-N'}","{'CID': 165363357, 'InChIKey': 'VMZMNAABQBOLAK-NXVDMUQISA-N'}"
"{'CID': 9941444, 'InChIKey': 'VMZMNAABQBOLAK-DBILLSOUSA-N'}","{'CID': 56841596, 'InChIKey': 'VMZMNAABQBOLAK-UHFFFAOYSA-N'}","{'CID': 145705877, 'InChIKey': 'VMZMNAABQBOLAK-OJBKHUNISA-N'}","{'CID': 73348210, 'InChIKey': 'VMZMNAABQBOLAK-IXZCVAHUSA-N'}","{'CID': 121445904, 'InChIKey': 'VMZMNAABQBOLAK-UHTANWJSSA-N'}","{'CID': 165363357, 'InChIKey': 'VMZMNAABQBOLAK-NXVDMUQISA-N'}"
"{'CID': 9941444, 'InChIKey': 'VMZMNAABQBOLAK-DBILLSOUSA-N'}","{'CID': 56841596, 'InChIKey': 'VMZMNAABQBOLAK-UHFFFAOYSA-N'}","{'CID': 145705877, 'InChIKey': 'VMZMNAABQBOLAK-OJBKHUNISA-N'}","{'CID': 73348210, 'InChIKey': 'VMZMNAABQBOLAK-IXZCVAHUSA-N'}","{'CID': 121445904, 'InChIKey': 'VMZMNAABQBOLAK-UHTANWJSSA-N'}","{'CID': 165363357, 'InChIKey': 'VMZMNAABQBOLAK-NXVDMUQISA-N'}"
"{'CID': 3341, 'InChIKey': 'TVURRHSHRRELCG-UHFFFAOYSA-N'}"
"{'CID': 65370, 'InChIKey': 'YLOCGHYTXIINAI-XKUOMLDTSA-N'}"
"{'CID': 3763, 'InChIKey': 'PIWKPBJCKXDKJR-UHFFFAOYSA-N'}"
"{'CID': 135401907, 'InChIKey': 'OFCNXPDARWKPPY-UHFFFAOYSA-N'}"
"{'CID': 132971, 'InChIKey': 'GZOSMCIZMLWJML-VJLLXTKPSA-N'}"
"{'CID': 71657455, 'InChIKey': 'WIJZXSAJMHAVGX-DHLKQENFSA-N'}"
"{'CID': 71306834, 'InChIKey': 'MIXCUJKCXRNYFM-UHFFFAOYSA-M'}"
"{'CID': 10288191, 'InChIKey': 'ACWZRVQXLIRSDF-UHFFFAOYSA-N'}"
"{'CID': 9931954, 'InChIKey': 'HMABYWSNWIZPAG-UHFFFAOYSA-N'}"
"{'CID': 11319217, 'InChIKey': 'SWMDAPWAQQTBOG-UHFFFAOYSA-N'}"
"{'CID': 5280723, 'InChIKey': 'GMVPRGQOIOIIMI-DWKJAMRDSA-N'}"
"{'CID': 446220, 'InChIKey': 'ZPUCINDJVBIVPJ-LJISPDSOSA-N'}"
"{'CID': 49803313, 'InChIKey': 'GYQYAJJFPNQOOW-UHFFFAOYSA-N'}"
"{'CID': 9823820, 'InChIKey': 'WOSKHXYHFSIKNG-UHFFFAOYSA-N'}"
"{'CID': 86705695, 'InChIKey': 'HCDMJFOHIXMBOV-UHFFFAOYSA-N'}"
"{'CID': 9829523, 'InChIKey': 'BMGQWWVMWDBQGC-IIFHNQTCSA-N'}"
"{'CID': 24821094, 'InChIKey': 'XYFPWWZEPKGCCK-GOSISDBHSA-N'}"
"{'CID': 72165228, 'InChIKey': 'VOVZXURTCKPRDQ-CQSZACIVSA-N'}"
"{'CID': 121396, 'InChIKey': 'LCQLHJZYVOQKHU-VKHMYHEASA-N'}"
"{'CID': 962, 'InChIKey': 'XLYOFNOQVPJJNP-UHFFFAOYSA-N'}"
"{'CID': 25185057, 'InChIKey': 'KPVIXBKIJXZQJX-FCEONZPQSA-N'}"
"{'CID': 46220502, 'InChIKey': 'UZWDCWONPYILKI-UHFFFAOYSA-N'}"
"{'CID': 5280965, 'InChIKey': 'APKFDSVGJQXUKY-INPOYWNPSA-N'}"
"{'CID': 10917, 'InChIKey': 'PHIQHXFUZVPYII-ZCFIWIBFSA-N'}"
"{'CID': 4906, 'InChIKey': 'MVFGUOIZUNYYSO-UHFFFAOYSA-N'}"
"{'CID': 10127622, 'InChIKey': 'CYOHGALHFOKKQC-UHFFFAOYSA-N'}"
"{'CID': 49831411, 'InChIKey': 'DDINXHAORAAYAD-UHFFFAOYSA-N'}"
"{'CID': 16722836, 'InChIKey': 'JOOXLOJCABQBSG-UHFFFAOYSA-N'}"
"{'CID': 30668, 'InChIKey': 'KSMAGQUYOIHWFS-UHFFFAOYSA-N'}"
"{'CID': 51039094, 'InChIKey': 'SDEAXTCZPQIFQM-UHFFFAOYSA-N'}"
"{'CID': 39186, 'InChIKey': 'HSUGRBWQSSZJOP-RTWAWAEBSA-N'}"
"{'CID': 41693, 'InChIKey': 'GGCSSNBKKAUURC-UHFFFAOYSA-N'}"
"{'CID': 71496458, 'InChIKey': 'DUYJMQONPNNFPI-UHFFFAOYSA-N'}"
"{'CID': 11556711, 'InChIKey': 'BLMPQMFVWMYDKT-NZTKNTHTSA-N'}"
